"Ano","Mês","Motivo/Situação","Qte Acidentes","Evolução Mensal (AnoMes)","Situação"
"1997","Janeiro","Típico-Com Cat","27116","199701","Com Cat Registrada"
"1997","Fevereiro","Típico-Com Cat","24612","199702","Com Cat Registrada"
"1997","Março","Típico-Com Cat","28273","199703","Com Cat Registrada"
"1997","Abril","Típico-Com Cat","28374","199704","Com Cat Registrada"
"1997","Maio","Típico-Com Cat","28997","199705","Com Cat Registrada"
"1997","Junho","Típico-Com Cat","29573","199706","Com Cat Registrada"
"1997","Julho","Típico-Com Cat","31815","199707","Com Cat Registrada"
"1997","Agosto","Típico-Com Cat","30428","199708","Com Cat Registrada"
"1997","Setembro","Típico-Com Cat","32769","199709","Com Cat Registrada"
"1997","Outubro","Típico-Com Cat","34336","199710","Com Cat Registrada"
"1997","Novembro","Típico-Com Cat","29610","199711","Com Cat Registrada"
"1997","Dezembro","Típico-Com Cat","21579","199712","Com Cat Registrada"
"1997","Janeiro","Trajeto-Com Cat","3013","199701","Com Cat Registrada"
"1997","Fevereiro","Trajeto-Com Cat","2567","199702","Com Cat Registrada"
"1997","Março","Trajeto-Com Cat","2882","199703","Com Cat Registrada"
"1997","Abril","Trajeto-Com Cat","2921","199704","Com Cat Registrada"
"1997","Maio","Trajeto-Com Cat","3105","199705","Com Cat Registrada"
"1997","Junho","Trajeto-Com Cat","3460","199706","Com Cat Registrada"
"1997","Julho","Trajeto-Com Cat","3363","199707","Com Cat Registrada"
"1997","Agosto","Trajeto-Com Cat","3246","199708","Com Cat Registrada"
"1997","Setembro","Trajeto-Com Cat","3432","199709","Com Cat Registrada"
"1997","Outubro","Trajeto-Com Cat","3603","199710","Com Cat Registrada"
"1997","Novembro","Trajeto-Com Cat","3129","199711","Com Cat Registrada"
"1997","Dezembro","Trajeto-Com Cat","2492","199712","Com Cat Registrada"
"1997","Janeiro","Doença do Trabalho-Com Cat","3257","199701","Com Cat Registrada"
"1997","Fevereiro","Doença do Trabalho-Com Cat","2916","199702","Com Cat Registrada"
"1997","Março","Doença do Trabalho-Com Cat","3537","199703","Com Cat Registrada"
"1997","Abril","Doença do Trabalho-Com Cat","3691","199704","Com Cat Registrada"
"1997","Maio","Doença do Trabalho-Com Cat","2930","199705","Com Cat Registrada"
"1997","Junho","Doença do Trabalho-Com Cat","3162","199706","Com Cat Registrada"
"1997","Julho","Doença do Trabalho-Com Cat","3073","199707","Com Cat Registrada"
"1997","Agosto","Doença do Trabalho-Com Cat","3068","199708","Com Cat Registrada"
"1997","Setembro","Doença do Trabalho-Com Cat","3448","199709","Com Cat Registrada"
"1997","Outubro","Doença do Trabalho-Com Cat","3049","199710","Com Cat Registrada"
"1997","Novembro","Doença do Trabalho-Com Cat","2614","199711","Com Cat Registrada"
"1997","Dezembro","Doença do Trabalho-Com Cat","1903","199712","Com Cat Registrada"
"1998","Janeiro","Típico-Com Cat","26381","199801","Com Cat Registrada"
"1998","Janeiro","Trajeto-Com Cat","2718","199801","Com Cat Registrada"
"1998","Janeiro","Doença do Trabalho-Com Cat","2553","199801","Com Cat Registrada"
"1998","Fevereiro","Típico-Com Cat","25908","199802","Com Cat Registrada"
"1998","Fevereiro","Trajeto-Com Cat","2591","199802","Com Cat Registrada"
"1998","Fevereiro","Doença do Trabalho-Com Cat","2484","199802","Com Cat Registrada"
"1998","Março","Típico-Com Cat","31538","199803","Com Cat Registrada"
"1998","Março","Trajeto-Com Cat","3080","199803","Com Cat Registrada"
"1998","Março","Doença do Trabalho-Com Cat","3125","199803","Com Cat Registrada"
"1998","Abril","Típico-Com Cat","26495","199804","Com Cat Registrada"
"1998","Abril","Trajeto-Com Cat","2748","199804","Com Cat Registrada"
"1998","Abril","Doença do Trabalho-Com Cat","2636","199804","Com Cat Registrada"
"1998","Maio","Típico-Com Cat","30261","199805","Com Cat Registrada"
"1998","Maio","Trajeto-Com Cat","3123","199805","Com Cat Registrada"
"1998","Maio","Doença do Trabalho-Com Cat","2649","199805","Com Cat Registrada"
"1998","Junho","Típico-Com Cat","29034","199806","Com Cat Registrada"
"1998","Junho","Trajeto-Com Cat","3099","199806","Com Cat Registrada"
"1998","Junho","Doença do Trabalho-Com Cat","2490","199806","Com Cat Registrada"
"1998","Julho","Típico-Com Cat","30716","199807","Com Cat Registrada"
"1998","Julho","Trajeto-Com Cat","3233","199807","Com Cat Registrada"
"1998","Julho","Doença do Trabalho-Com Cat","2475","199807","Com Cat Registrada"
"1998","Agosto","Típico-Com Cat","32069","199808","Com Cat Registrada"
"1998","Agosto","Trajeto-Com Cat","3268","199808","Com Cat Registrada"
"1998","Agosto","Doença do Trabalho-Com Cat","2770","199808","Com Cat Registrada"
"1998","Setembro","Típico-Com Cat","30818","199809","Com Cat Registrada"
"1998","Setembro","Trajeto-Com Cat","3211","199809","Com Cat Registrada"
"1998","Setembro","Doença do Trabalho-Com Cat","2645","199809","Com Cat Registrada"
"1998","Outubro","Típico-Com Cat","30470","199810","Com Cat Registrada"
"1998","Outubro","Trajeto-Com Cat","3072","199810","Com Cat Registrada"
"1998","Outubro","Doença do Trabalho-Com Cat","2501","199810","Com Cat Registrada"
"1998","Novembro","Típico-Com Cat","29700","199811","Com Cat Registrada"
"1998","Novembro","Trajeto-Com Cat","3178","199811","Com Cat Registrada"
"1998","Novembro","Doença do Trabalho-Com Cat","2368","199811","Com Cat Registrada"
"1998","Dezembro","Típico-Com Cat","24348","199812","Com Cat Registrada"
"1998","Dezembro","Trajeto-Com Cat","2793","199812","Com Cat Registrada"
"1998","Dezembro","Doença do Trabalho-Com Cat","1793","199812","Com Cat Registrada"
"1999","Janeiro","Típico-Com Cat","25094","199901","Com Cat Registrada"
"1999","Janeiro","Trajeto-Com Cat","2908","199901","Com Cat Registrada"
"1999","Janeiro","Doença do Trabalho-Com Cat","2007","199901","Com Cat Registrada"
"1999","Fevereiro","Típico-Com Cat","22203","199902","Com Cat Registrada"
"1999","Fevereiro","Trajeto-Com Cat","2629","199902","Com Cat Registrada"
"1999","Fevereiro","Doença do Trabalho-Com Cat","1847","199902","Com Cat Registrada"
"1999","Março","Típico-Com Cat","27738","199903","Com Cat Registrada"
"1999","Março","Trajeto-Com Cat","3161","199903","Com Cat Registrada"
"1999","Março","Doença do Trabalho-Com Cat","2514","199903","Com Cat Registrada"
"1999","Abril","Típico-Com Cat","25698","199904","Com Cat Registrada"
"1999","Abril","Trajeto-Com Cat","2994","199904","Com Cat Registrada"
"1999","Abril","Doença do Trabalho-Com Cat","1899","199904","Com Cat Registrada"
"1999","Maio","Típico-Com Cat","29192","199905","Com Cat Registrada"
"1999","Maio","Trajeto-Com Cat","3398","199905","Com Cat Registrada"
"1999","Maio","Doença do Trabalho-Com Cat","2134","199905","Com Cat Registrada"
"1999","Junho","Típico-Com Cat","28398","199906","Com Cat Registrada"
"1999","Junho","Trajeto-Com Cat","3394","199906","Com Cat Registrada"
"1999","Junho","Doença do Trabalho-Com Cat","2143","199906","Com Cat Registrada"
"1999","Julho","Típico-Com Cat","29451","199907","Com Cat Registrada"
"1999","Julho","Trajeto-Com Cat","3259","199907","Com Cat Registrada"
"1999","Julho","Doença do Trabalho-Com Cat","2142","199907","Com Cat Registrada"
"1999","Agosto","Típico-Com Cat","30741","199908","Com Cat Registrada"
"1999","Agosto","Trajeto-Com Cat","3368","199908","Com Cat Registrada"
"1999","Agosto","Doença do Trabalho-Com Cat","2293","199908","Com Cat Registrada"
"1999","Setembro","Típico-Com Cat","28957","199909","Com Cat Registrada"
"1999","Setembro","Trajeto-Com Cat","3248","199909","Com Cat Registrada"
"1999","Setembro","Doença do Trabalho-Com Cat","1847","199909","Com Cat Registrada"
"1999","Outubro","Típico-Com Cat","27704","199910","Com Cat Registrada"
"1999","Outubro","Trajeto-Com Cat","3019","199910","Com Cat Registrada"
"1999","Outubro","Doença do Trabalho-Com Cat","1826","199910","Com Cat Registrada"
"1999","Novembro","Típico-Com Cat","27013","199911","Com Cat Registrada"
"1999","Novembro","Trajeto-Com Cat","3095","199911","Com Cat Registrada"
"1999","Novembro","Doença do Trabalho-Com Cat","1777","199911","Com Cat Registrada"
"1999","Dezembro","Típico-Com Cat","24215","199912","Com Cat Registrada"
"1999","Dezembro","Trajeto-Com Cat","3040","199912","Com Cat Registrada"
"1999","Dezembro","Doença do Trabalho-Com Cat","1474","199912","Com Cat Registrada"
"2000","Janeiro","Típico-Com Cat","25939","200001","Com Cat Registrada"
"2000","Janeiro","Trajeto-Com Cat","3091","200001","Com Cat Registrada"
"2000","Janeiro","Doença do Trabalho-Com Cat","1707","200001","Com Cat Registrada"
"2000","Fevereiro","Típico-Com Cat","27180","200002","Com Cat Registrada"
"2000","Fevereiro","Trajeto-Com Cat","3597","200002","Com Cat Registrada"
"2000","Fevereiro","Doença do Trabalho-Com Cat","1793","200002","Com Cat Registrada"
"2000","Março","Típico-Com Cat","29283","200003","Com Cat Registrada"
"2000","Março","Trajeto-Com Cat","3827","200003","Com Cat Registrada"
"2000","Março","Doença do Trabalho-Com Cat","2004","200003","Com Cat Registrada"
"2000","Abril","Típico-Com Cat","26841","200004","Com Cat Registrada"
"2000","Abril","Trajeto-Com Cat","3600","200004","Com Cat Registrada"
"2000","Abril","Doença do Trabalho-Com Cat","1790","200004","Com Cat Registrada"
"2000","Maio","Típico-Com Cat","26627","200005","Com Cat Registrada"
"2000","Maio","Trajeto-Com Cat","3536","200005","Com Cat Registrada"
"2000","Maio","Doença do Trabalho-Com Cat","1668","200005","Com Cat Registrada"
"2000","Junho","Típico-Com Cat","21750","200006","Com Cat Registrada"
"2000","Junho","Trajeto-Com Cat","2940","200006","Com Cat Registrada"
"2000","Junho","Doença do Trabalho-Com Cat","1412","200006","Com Cat Registrada"
"2000","Julho","Típico-Com Cat","23305","200007","Com Cat Registrada"
"2000","Julho","Trajeto-Com Cat","2974","200007","Com Cat Registrada"
"2000","Julho","Doença do Trabalho-Com Cat","1479","200007","Com Cat Registrada"
"2000","Agosto","Típico-Com Cat","26908","200008","Com Cat Registrada"
"2000","Agosto","Trajeto-Com Cat","3374","200008","Com Cat Registrada"
"2000","Agosto","Doença do Trabalho-Com Cat","1928","200008","Com Cat Registrada"
"2000","Setembro","Típico-Com Cat","24268","200009","Com Cat Registrada"
"2000","Setembro","Trajeto-Com Cat","2966","200009","Com Cat Registrada"
"2000","Setembro","Doença do Trabalho-Com Cat","1596","200009","Com Cat Registrada"
"2000","Outubro","Típico-Com Cat","26725","200010","Com Cat Registrada"
"2000","Outubro","Trajeto-Com Cat","3215","200010","Com Cat Registrada"
"2000","Outubro","Doença do Trabalho-Com Cat","1561","200010","Com Cat Registrada"
"2000","Novembro","Típico-Com Cat","24298","200011","Com Cat Registrada"
"2000","Novembro","Trajeto-Com Cat","3091","200011","Com Cat Registrada"
"2000","Novembro","Doença do Trabalho-Com Cat","1427","200011","Com Cat Registrada"
"2000","Dezembro","Típico-Com Cat","21839","200012","Com Cat Registrada"
"2000","Dezembro","Trajeto-Com Cat","3089","200012","Com Cat Registrada"
"2000","Dezembro","Doença do Trabalho-Com Cat","1240","200012","Com Cat Registrada"
"2001","Janeiro","Típico-Com Cat","24277","200101","Com Cat Registrada"
"2001","Janeiro","Trajeto-Com Cat","3088","200101","Com Cat Registrada"
"2001","Janeiro","Doença do Trabalho-Com Cat","1565","200101","Com Cat Registrada"
"2001","Fevereiro","Típico-Com Cat","21657","200102","Com Cat Registrada"
"2001","Fevereiro","Trajeto-Com Cat","2832","200102","Com Cat Registrada"
"2001","Fevereiro","Doença do Trabalho-Com Cat","1353","200102","Com Cat Registrada"
"2001","Março","Típico-Com Cat","26584","200103","Com Cat Registrada"
"2001","Março","Trajeto-Com Cat","3526","200103","Com Cat Registrada"
"2001","Março","Doença do Trabalho-Com Cat","1792","200103","Com Cat Registrada"
"2001","Abril","Típico-Com Cat","23444","200104","Com Cat Registrada"
"2001","Abril","Trajeto-Com Cat","3326","200104","Com Cat Registrada"
"2001","Abril","Doença do Trabalho-Com Cat","1584","200104","Com Cat Registrada"
"2001","Maio","Típico-Com Cat","25963","200105","Com Cat Registrada"
"2001","Maio","Trajeto-Com Cat","3538","200105","Com Cat Registrada"
"2001","Maio","Doença do Trabalho-Com Cat","1851","200105","Com Cat Registrada"
"2001","Junho","Típico-Com Cat","23739","200106","Com Cat Registrada"
"2001","Junho","Trajeto-Com Cat","3254","200106","Com Cat Registrada"
"2001","Junho","Doença do Trabalho-Com Cat","1589","200106","Com Cat Registrada"
"2001","Julho","Típico-Com Cat","25577","200107","Com Cat Registrada"
"2001","Julho","Trajeto-Com Cat","3429","200107","Com Cat Registrada"
"2001","Julho","Doença do Trabalho-Com Cat","1552","200107","Com Cat Registrada"
"2001","Agosto","Típico-Com Cat","23995","200108","Com Cat Registrada"
"2001","Agosto","Trajeto-Com Cat","3311","200108","Com Cat Registrada"
"2001","Agosto","Doença do Trabalho-Com Cat","1699","200108","Com Cat Registrada"
"2001","Setembro","Típico-Com Cat","20317","200109","Com Cat Registrada"
"2001","Setembro","Trajeto-Com Cat","2780","200109","Com Cat Registrada"
"2001","Setembro","Doença do Trabalho-Com Cat","1304","200109","Com Cat Registrada"
"2001","Outubro","Típico-Com Cat","23141","200110","Com Cat Registrada"
"2001","Outubro","Trajeto-Com Cat","3189","200110","Com Cat Registrada"
"2001","Outubro","Doença do Trabalho-Com Cat","1520","200110","Com Cat Registrada"
"2001","Novembro","Típico-Com Cat","23005","200111","Com Cat Registrada"
"2001","Novembro","Trajeto-Com Cat","3241","200111","Com Cat Registrada"
"2001","Novembro","Doença do Trabalho-Com Cat","1369","200111","Com Cat Registrada"
"2001","Dezembro","Típico-Com Cat","21266","200112","Com Cat Registrada"
"2001","Dezembro","Trajeto-Com Cat","3285","200112","Com Cat Registrada"
"2001","Dezembro","Doença do Trabalho-Com Cat","1309","200112","Com Cat Registrada"
"2002","Janeiro","Típico-Com Cat","24624","200201","Com Cat Registrada"
"2002","Janeiro","Trajeto-Com Cat","3382","200201","Com Cat Registrada"
"2002","Janeiro","Doença do Trabalho-Com Cat","1702","200201","Com Cat Registrada"
"2002","Fevereiro","Típico-Com Cat","23235","200202","Com Cat Registrada"
"2002","Fevereiro","Trajeto-Com Cat","3357","200202","Com Cat Registrada"
"2002","Fevereiro","Doença do Trabalho-Com Cat","1666","200202","Com Cat Registrada"
"2002","Março","Típico-Com Cat","26796","200203","Com Cat Registrada"
"2002","Março","Trajeto-Com Cat","3904","200203","Com Cat Registrada"
"2002","Março","Doença do Trabalho-Com Cat","1845","200203","Com Cat Registrada"
"2002","Abril","Típico-Com Cat","28863","200204","Com Cat Registrada"
"2002","Abril","Trajeto-Com Cat","4107","200204","Com Cat Registrada"
"2002","Abril","Doença do Trabalho-Com Cat","2230","200204","Com Cat Registrada"
"2002","Maio","Típico-Com Cat","27722","200205","Com Cat Registrada"
"2002","Maio","Trajeto-Com Cat","4037","200205","Com Cat Registrada"
"2002","Maio","Doença do Trabalho-Com Cat","1920","200205","Com Cat Registrada"
"2002","Junho","Típico-Com Cat","26751","200206","Com Cat Registrada"
"2002","Junho","Trajeto-Com Cat","4063","200206","Com Cat Registrada"
"2002","Junho","Doença do Trabalho-Com Cat","1784","200206","Com Cat Registrada"
"2002","Julho","Típico-Com Cat","28555","200207","Com Cat Registrada"
"2002","Julho","Trajeto-Com Cat","4097","200207","Com Cat Registrada"
"2002","Julho","Doença do Trabalho-Com Cat","1971","200207","Com Cat Registrada"
"2002","Agosto","Típico-Com Cat","29747","200208","Com Cat Registrada"
"2002","Agosto","Trajeto-Com Cat","4178","200208","Com Cat Registrada"
"2002","Agosto","Doença do Trabalho-Com Cat","2091","200208","Com Cat Registrada"
"2002","Setembro","Típico-Com Cat","27773","200209","Com Cat Registrada"
"2002","Setembro","Trajeto-Com Cat","4004","200209","Com Cat Registrada"
"2002","Setembro","Doença do Trabalho-Com Cat","1946","200209","Com Cat Registrada"
"2002","Outubro","Típico-Com Cat","30234","200210","Com Cat Registrada"
"2002","Outubro","Trajeto-Com Cat","4393","200210","Com Cat Registrada"
"2002","Outubro","Doença do Trabalho-Com Cat","2063","200210","Com Cat Registrada"
"2002","Novembro","Típico-Com Cat","26765","200211","Com Cat Registrada"
"2002","Novembro","Trajeto-Com Cat","3793","200211","Com Cat Registrada"
"2002","Novembro","Doença do Trabalho-Com Cat","1672","200211","Com Cat Registrada"
"2002","Dezembro","Típico-Com Cat","22814","200212","Com Cat Registrada"
"2002","Dezembro","Trajeto-Com Cat","3566","200212","Com Cat Registrada"
"2002","Dezembro","Doença do Trabalho-Com Cat","1421","200212","Com Cat Registrada"
"2003","Janeiro","Típico-Com Cat","26281","200301","Com Cat Registrada"
"2003","Janeiro","Trajeto-Com Cat","3855","200301","Com Cat Registrada"
"2003","Janeiro","Doença do Trabalho-Com Cat","1995","200301","Com Cat Registrada"
"2003","Fevereiro","Típico-Com Cat","25892","200302","Com Cat Registrada"
"2003","Fevereiro","Trajeto-Com Cat","3848","200302","Com Cat Registrada"
"2003","Fevereiro","Doença do Trabalho-Com Cat","1991","200302","Com Cat Registrada"
"2003","Março","Típico-Com Cat","25941","200303","Com Cat Registrada"
"2003","Março","Trajeto-Com Cat","3835","200303","Com Cat Registrada"
"2003","Março","Doença do Trabalho-Com Cat","2042","200303","Com Cat Registrada"
"2003","Abril","Típico-Com Cat","25235","200304","Com Cat Registrada"
"2003","Abril","Trajeto-Com Cat","3933","200304","Com Cat Registrada"
"2003","Abril","Doença do Trabalho-Com Cat","1927","200304","Com Cat Registrada"
"2003","Maio","Típico-Com Cat","27739","200305","Com Cat Registrada"
"2003","Maio","Trajeto-Com Cat","4248","200305","Com Cat Registrada"
"2003","Maio","Doença do Trabalho-Com Cat","1955","200305","Com Cat Registrada"
"2003","Junho","Típico-Com Cat","26873","200306","Com Cat Registrada"
"2003","Junho","Trajeto-Com Cat","4069","200306","Com Cat Registrada"
"2003","Junho","Doença do Trabalho-Com Cat","1884","200306","Com Cat Registrada"
"2003","Julho","Típico-Com Cat","26757","200307","Com Cat Registrada"
"2003","Julho","Trajeto-Com Cat","4109","200307","Com Cat Registrada"
"2003","Julho","Doença do Trabalho-Com Cat","1834","200307","Com Cat Registrada"
"2003","Agosto","Típico-Com Cat","26999","200308","Com Cat Registrada"
"2003","Agosto","Trajeto-Com Cat","4172","200308","Com Cat Registrada"
"2003","Agosto","Doença do Trabalho-Com Cat","2030","200308","Com Cat Registrada"
"2003","Setembro","Típico-Com Cat","29876","200309","Com Cat Registrada"
"2003","Setembro","Trajeto-Com Cat","4381","200309","Com Cat Registrada"
"2003","Setembro","Doença do Trabalho-Com Cat","2287","200309","Com Cat Registrada"
"2003","Outubro","Típico-Com Cat","31432","200310","Com Cat Registrada"
"2003","Outubro","Trajeto-Com Cat","4728","200310","Com Cat Registrada"
"2003","Outubro","Doença do Trabalho-Com Cat","2264","200310","Com Cat Registrada"
"2003","Novembro","Típico-Com Cat","28274","200311","Com Cat Registrada"
"2003","Novembro","Trajeto-Com Cat","4418","200311","Com Cat Registrada"
"2003","Novembro","Doença do Trabalho-Com Cat","2073","200311","Com Cat Registrada"
"2003","Dezembro","Típico-Com Cat","24278","200312","Com Cat Registrada"
"2003","Dezembro","Trajeto-Com Cat","4046","200312","Com Cat Registrada"
"2003","Dezembro","Doença do Trabalho-Com Cat","1576","200312","Com Cat Registrada"
"2004","Janeiro","Típico-Com Cat","27473","200401","Com Cat Registrada"
"2004","Janeiro","Trajeto-Com Cat","4401","200401","Com Cat Registrada"
"2004","Janeiro","Doença do Trabalho-Com Cat","2128","200401","Com Cat Registrada"
"2004","Fevereiro","Típico-Com Cat","26510","200402","Com Cat Registrada"
"2004","Fevereiro","Trajeto-Com Cat","4012","200402","Com Cat Registrada"
"2004","Fevereiro","Doença do Trabalho-Com Cat","2043","200402","Com Cat Registrada"
"2004","Março","Típico-Com Cat","33058","200403","Com Cat Registrada"
"2004","Março","Trajeto-Com Cat","5211","200403","Com Cat Registrada"
"2004","Março","Doença do Trabalho-Com Cat","2826","200403","Com Cat Registrada"
"2004","Abril","Típico-Com Cat","28259","200404","Com Cat Registrada"
"2004","Abril","Trajeto-Com Cat","4709","200404","Com Cat Registrada"
"2004","Abril","Doença do Trabalho-Com Cat","2414","200404","Com Cat Registrada"
"2004","Maio","Típico-Com Cat","30765","200405","Com Cat Registrada"
"2004","Maio","Trajeto-Com Cat","5147","200405","Com Cat Registrada"
"2004","Maio","Doença do Trabalho-Com Cat","2316","200405","Com Cat Registrada"
"2004","Junho","Típico-Com Cat","31588","200406","Com Cat Registrada"
"2004","Junho","Trajeto-Com Cat","5220","200406","Com Cat Registrada"
"2004","Junho","Doença do Trabalho-Com Cat","2599","200406","Com Cat Registrada"
"2004","Julho","Típico-Com Cat","33775","200407","Com Cat Registrada"
"2004","Julho","Trajeto-Com Cat","5396","200407","Com Cat Registrada"
"2004","Julho","Doença do Trabalho-Com Cat","2687","200407","Com Cat Registrada"
"2004","Agosto","Típico-Com Cat","35730","200408","Com Cat Registrada"
"2004","Agosto","Trajeto-Com Cat","5714","200408","Com Cat Registrada"
"2004","Agosto","Doença do Trabalho-Com Cat","3025","200408","Com Cat Registrada"
"2004","Setembro","Típico-Com Cat","33979","200409","Com Cat Registrada"
"2004","Setembro","Trajeto-Com Cat","5312","200409","Com Cat Registrada"
"2004","Setembro","Doença do Trabalho-Com Cat","2826","200409","Com Cat Registrada"
"2004","Outubro","Típico-Com Cat","32296","200410","Com Cat Registrada"
"2004","Outubro","Trajeto-Com Cat","4966","200410","Com Cat Registrada"
"2004","Outubro","Doença do Trabalho-Com Cat","2515","200410","Com Cat Registrada"
"2004","Novembro","Típico-Com Cat","32375","200411","Com Cat Registrada"
"2004","Novembro","Trajeto-Com Cat","5242","200411","Com Cat Registrada"
"2004","Novembro","Doença do Trabalho-Com Cat","2564","200411","Com Cat Registrada"
"2004","Dezembro","Típico-Com Cat","29363","200412","Com Cat Registrada"
"2004","Dezembro","Trajeto-Com Cat","5005","200412","Com Cat Registrada"
"2004","Dezembro","Doença do Trabalho-Com Cat","2251","200412","Com Cat Registrada"
"2005","Janeiro","Típico-Com Cat","31720","200501","Com Cat Registrada"
"2005","Janeiro","Doença do Trabalho-Com Cat","2800","200501","Com Cat Registrada"
"2005","Janeiro","Trajeto-Com Cat","5079","200501","Com Cat Registrada"
"2005","Fevereiro","Típico-Com Cat","29435","200502","Com Cat Registrada"
"2005","Fevereiro","Doença do Trabalho-Com Cat","2929","200502","Com Cat Registrada"
"2005","Fevereiro","Trajeto-Com Cat","4947","200502","Com Cat Registrada"
"2005","Março","Típico-Com Cat","34785","200503","Com Cat Registrada"
"2005","Março","Doença do Trabalho-Com Cat","3462","200503","Com Cat Registrada"
"2005","Março","Trajeto-Com Cat","5916","200503","Com Cat Registrada"
"2005","Abril","Típico-Com Cat","32785","200504","Com Cat Registrada"
"2005","Abril","Doença do Trabalho-Com Cat","2852","200504","Com Cat Registrada"
"2005","Abril","Trajeto-Com Cat","5554","200504","Com Cat Registrada"
"2005","Maio","Típico-Com Cat","33674","200505","Com Cat Registrada"
"2005","Maio","Doença do Trabalho-Com Cat","2811","200505","Com Cat Registrada"
"2005","Maio","Trajeto-Com Cat","5722","200505","Com Cat Registrada"
"2005","Junho","Típico-Com Cat","33498","200506","Com Cat Registrada"
"2005","Junho","Doença do Trabalho-Com Cat","2592","200506","Com Cat Registrada"
"2005","Junho","Trajeto-Com Cat","5922","200506","Com Cat Registrada"
"2005","Julho","Típico-Com Cat","32552","200507","Com Cat Registrada"
"2005","Julho","Doença do Trabalho-Com Cat","2471","200507","Com Cat Registrada"
"2005","Julho","Trajeto-Com Cat","5655","200507","Com Cat Registrada"
"2005","Agosto","Típico-Com Cat","36719","200508","Com Cat Registrada"
"2005","Agosto","Doença do Trabalho-Com Cat","3006","200508","Com Cat Registrada"
"2005","Agosto","Trajeto-Com Cat","6380","200508","Com Cat Registrada"
"2005","Setembro","Típico-Com Cat","34071","200509","Com Cat Registrada"
"2005","Setembro","Doença do Trabalho-Com Cat","2696","200509","Com Cat Registrada"
"2005","Setembro","Trajeto-Com Cat","5715","200509","Com Cat Registrada"
"2005","Outubro","Típico-Com Cat","34615","200510","Com Cat Registrada"
"2005","Outubro","Doença do Trabalho-Com Cat","2621","200510","Com Cat Registrada"
"2005","Outubro","Trajeto-Com Cat","5762","200510","Com Cat Registrada"
"2005","Novembro","Típico-Com Cat","33767","200511","Com Cat Registrada"
"2005","Novembro","Doença do Trabalho-Com Cat","2487","200511","Com Cat Registrada"
"2005","Novembro","Trajeto-Com Cat","5565","200511","Com Cat Registrada"
"2005","Dezembro","Típico-Com Cat","30992","200512","Com Cat Registrada"
"2005","Dezembro","Doença do Trabalho-Com Cat","2369","200512","Com Cat Registrada"
"2005","Dezembro","Trajeto-Com Cat","5754","200512","Com Cat Registrada"
"2006","Janeiro","Típico-Com Cat","34155","200601","Com Cat Registrada"
"2006","Janeiro","Doença do Trabalho-Com Cat","2734","200601","Com Cat Registrada"
"2006","Janeiro","Trajeto-Com Cat","5675","200601","Com Cat Registrada"
"2006","Fevereiro","Típico-Com Cat","30769","200602","Com Cat Registrada"
"2006","Fevereiro","Doença do Trabalho-Com Cat","2572","200602","Com Cat Registrada"
"2006","Fevereiro","Trajeto-Com Cat","5284","200602","Com Cat Registrada"
"2006","Março","Típico-Com Cat","37081","200603","Com Cat Registrada"
"2006","Março","Doença do Trabalho-Com Cat","2983","200603","Com Cat Registrada"
"2006","Março","Trajeto-Com Cat","6633","200603","Com Cat Registrada"
"2006","Abril","Típico-Com Cat","30038","200604","Com Cat Registrada"
"2006","Abril","Doença do Trabalho-Com Cat","2429","200604","Com Cat Registrada"
"2006","Abril","Trajeto-Com Cat","5763","200604","Com Cat Registrada"
"2006","Maio","Típico-Com Cat","35070","200605","Com Cat Registrada"
"2006","Maio","Doença do Trabalho-Com Cat","2866","200605","Com Cat Registrada"
"2006","Maio","Trajeto-Com Cat","6665","200605","Com Cat Registrada"
"2006","Junho","Típico-Com Cat","33303","200606","Com Cat Registrada"
"2006","Junho","Doença do Trabalho-Com Cat","2389","200606","Com Cat Registrada"
"2006","Junho","Trajeto-Com Cat","6509","200606","Com Cat Registrada"
"2006","Julho","Típico-Com Cat","35332","200607","Com Cat Registrada"
"2006","Julho","Doença do Trabalho-Com Cat","2621","200607","Com Cat Registrada"
"2006","Julho","Trajeto-Com Cat","6424","200607","Com Cat Registrada"
"2006","Agosto","Típico-Com Cat","37588","200608","Com Cat Registrada"
"2006","Agosto","Doença do Trabalho-Com Cat","2786","200608","Com Cat Registrada"
"2006","Agosto","Trajeto-Com Cat","6932","200608","Com Cat Registrada"
"2006","Setembro","Típico-Com Cat","33382","200609","Com Cat Registrada"
"2006","Setembro","Doença do Trabalho-Com Cat","2361","200609","Com Cat Registrada"
"2006","Setembro","Trajeto-Com Cat","6217","200609","Com Cat Registrada"
"2006","Outubro","Típico-Com Cat","36075","200610","Com Cat Registrada"
"2006","Outubro","Doença do Trabalho-Com Cat","2441","200610","Com Cat Registrada"
"2006","Outubro","Trajeto-Com Cat","6433","200610","Com Cat Registrada"
"2006","Novembro","Típico-Com Cat","34265","200611","Com Cat Registrada"
"2006","Novembro","Doença do Trabalho-Com Cat","2188","200611","Com Cat Registrada"
"2006","Novembro","Trajeto-Com Cat","6164","200611","Com Cat Registrada"
"2006","Dezembro","Típico-Com Cat","30368","200612","Com Cat Registrada"
"2006","Dezembro","Doença do Trabalho-Com Cat","1800","200612","Com Cat Registrada"
"2006","Dezembro","Trajeto-Com Cat","5937","200612","Com Cat Registrada"
"2007","Janeiro","Típico-Com Cat","34194","200701","Com Cat Registrada"
"2007","Janeiro","Doença do Trabalho-Com Cat","2156","200701","Com Cat Registrada"
"2007","Janeiro","Trajeto-Com Cat","6140","200701","Com Cat Registrada"
"2007","Fevereiro","Típico-Com Cat","30960","200702","Com Cat Registrada"
"2007","Fevereiro","Doença do Trabalho-Com Cat","1856","200702","Com Cat Registrada"
"2007","Fevereiro","Trajeto-Com Cat","5878","200702","Com Cat Registrada"
"2007","Março","Típico-Com Cat","38094","200703","Com Cat Registrada"
"2007","Março","Doença do Trabalho-Com Cat","2287","200703","Com Cat Registrada"
"2007","Março","Trajeto-Com Cat","7302","200703","Com Cat Registrada"
"2007","Abril","Típico-Com Cat","32742","200704","Com Cat Registrada"
"2007","Abril","Doença do Trabalho-Com Cat","1977","200704","Com Cat Registrada"
"2007","Abril","Trajeto-Com Cat","6437","200704","Com Cat Registrada"
"2007","Maio","Típico-Com Cat","36617","200705","Com Cat Registrada"
"2007","Maio","Doença do Trabalho-Com Cat","1985","200705","Com Cat Registrada"
"2007","Maio","Trajeto-Com Cat","7012","200705","Com Cat Registrada"
"2007","Junho","Típico-Com Cat","33231","200706","Com Cat Registrada"
"2007","Junho","Doença do Trabalho-Com Cat","1821","200706","Com Cat Registrada"
"2007","Junho","Trajeto-Com Cat","6484","200706","Com Cat Registrada"
"2007","Julho","Típico-Com Cat","35501","200707","Com Cat Registrada"
"2007","Julho","Doença do Trabalho-Com Cat","1834","200707","Com Cat Registrada"
"2007","Julho","Trajeto-Com Cat","7010","200707","Com Cat Registrada"
"2007","Agosto","Típico-Com Cat","38196","200708","Com Cat Registrada"
"2007","Agosto","Doença do Trabalho-Com Cat","2129","200708","Com Cat Registrada"
"2007","Agosto","Trajeto-Com Cat","7170","200708","Com Cat Registrada"
"2007","Setembro","Típico-Com Cat","34588","200709","Com Cat Registrada"
"2007","Setembro","Doença do Trabalho-Com Cat","1695","200709","Com Cat Registrada"
"2007","Setembro","Trajeto-Com Cat","6619","200709","Com Cat Registrada"
"2007","Outubro","Típico-Com Cat","39126","200710","Com Cat Registrada"
"2007","Outubro","Doença do Trabalho-Com Cat","1817","200710","Com Cat Registrada"
"2007","Outubro","Trajeto-Com Cat","7010","200710","Com Cat Registrada"
"2007","Novembro","Típico-Com Cat","34156","200711","Com Cat Registrada"
"2007","Novembro","Doença do Trabalho-Com Cat","1486","200711","Com Cat Registrada"
"2007","Novembro","Trajeto-Com Cat","6236","200711","Com Cat Registrada"
"2007","Dezembro","Típico-Com Cat","29631","200712","Com Cat Registrada"
"2007","Dezembro","Doença do Trabalho-Com Cat","1331","200712","Com Cat Registrada"
"2007","Dezembro","Trajeto-Com Cat","5707","200712","Com Cat Registrada"
"2007","Março","Sem Cat","13441","200703","Sem Cat Registrada"
"2007","Março","Sem Cat","312","200703","Sem Cat Registrada"
"2007","Março","Sem Cat","6","200703","Sem Cat Registrada"
"2007","Março","Sem Cat","19","200703","Sem Cat Registrada"
"2007","Abril","Sem Cat","14334","200704","Sem Cat Registrada"
"2007","Abril","Sem Cat","152","200704","Sem Cat Registrada"
"2007","Abril","Sem Cat","1","200704","Sem Cat Registrada"
"2007","Abril","Sem Cat","13","200704","Sem Cat Registrada"
"2007","Maio","Sem Cat","15278","200705","Sem Cat Registrada"
"2007","Maio","Sem Cat","163","200705","Sem Cat Registrada"
"2007","Maio","Sem Cat","3","200705","Sem Cat Registrada"
"2007","Maio","Sem Cat","16","200705","Sem Cat Registrada"
"2007","Junho","Sem Cat","14254","200706","Sem Cat Registrada"
"2007","Junho","Sem Cat","156","200706","Sem Cat Registrada"
"2007","Junho","Sem Cat","7","200706","Sem Cat Registrada"
"2007","Julho","Sem Cat","14652","200707","Sem Cat Registrada"
"2007","Julho","Sem Cat","129","200707","Sem Cat Registrada"
"2007","Julho","Sem Cat","1","200707","Sem Cat Registrada"
"2007","Julho","Sem Cat","22","200707","Sem Cat Registrada"
"2007","Agosto","Sem Cat","15448","200708","Sem Cat Registrada"
"2007","Agosto","Sem Cat","157","200708","Sem Cat Registrada"
"2007","Agosto","Sem Cat","5","200708","Sem Cat Registrada"
"2007","Agosto","Sem Cat","11","200708","Sem Cat Registrada"
"2007","Setembro","Sem Cat","13798","200709","Sem Cat Registrada"
"2007","Setembro","Sem Cat","125","200709","Sem Cat Registrada"
"2007","Setembro","Sem Cat","3","200709","Sem Cat Registrada"
"2007","Setembro","Sem Cat","2","200709","Sem Cat Registrada"
"2007","Outubro","Sem Cat","14235","200710","Sem Cat Registrada"
"2007","Outubro","Sem Cat","135","200710","Sem Cat Registrada"
"2007","Outubro","Sem Cat","4","200710","Sem Cat Registrada"
"2007","Outubro","Sem Cat","16","200710","Sem Cat Registrada"
"2007","Novembro","Sem Cat","12937","200711","Sem Cat Registrada"
"2007","Novembro","Sem Cat","101","200711","Sem Cat Registrada"
"2007","Novembro","Sem Cat","4","200711","Sem Cat Registrada"
"2007","Novembro","Sem Cat","5","200711","Sem Cat Registrada"
"2007","Dezembro","Sem Cat","11035","200712","Sem Cat Registrada"
"2007","Dezembro","Sem Cat","119","200712","Sem Cat Registrada"
"2007","Dezembro","Sem Cat","1","200712","Sem Cat Registrada"
"2007","Dezembro","Sem Cat","8","200712","Sem Cat Registrada"
"2008","Janeiro","Típico-Com Cat","34732","200801","Com Cat Registrada"
"2008","Janeiro","Doença do Trabalho-Com Cat","1629","200801","Com Cat Registrada"
"2008","Janeiro","Trajeto-Com Cat","6260","200801","Com Cat Registrada"
"2008","Fevereiro","Típico-Com Cat","34025","200802","Com Cat Registrada"
"2008","Fevereiro","Doença do Trabalho-Com Cat","1546","200802","Com Cat Registrada"
"2008","Fevereiro","Trajeto-Com Cat","6297","200802","Com Cat Registrada"
"2008","Março","Típico-Com Cat","36114","200803","Com Cat Registrada"
"2008","Março","Doença do Trabalho-Com Cat","1835","200803","Com Cat Registrada"
"2008","Março","Trajeto-Com Cat","7166","200803","Com Cat Registrada"
"2008","Abril","Típico-Com Cat","36534","200804","Com Cat Registrada"
"2008","Abril","Doença do Trabalho-Com Cat","1862","200804","Com Cat Registrada"
"2008","Abril","Trajeto-Com Cat","7061","200804","Com Cat Registrada"
"2008","Maio","Típico-Com Cat","34838","200805","Com Cat Registrada"
"2008","Maio","Doença do Trabalho-Com Cat","1686","200805","Com Cat Registrada"
"2008","Maio","Trajeto-Com Cat","7468","200805","Com Cat Registrada"
"2008","Junho","Típico-Com Cat","36735","200806","Com Cat Registrada"
"2008","Junho","Doença do Trabalho-Com Cat","1862","200806","Com Cat Registrada"
"2008","Junho","Trajeto-Com Cat","7824","200806","Com Cat Registrada"
"2008","Julho","Típico-Com Cat","39179","200807","Com Cat Registrada"
"2008","Julho","Doença do Trabalho-Com Cat","1896","200807","Com Cat Registrada"
"2008","Julho","Trajeto-Com Cat","8013","200807","Com Cat Registrada"
"2008","Agosto","Típico-Com Cat","39923","200808","Com Cat Registrada"
"2008","Agosto","Doença do Trabalho-Com Cat","1880","200808","Com Cat Registrada"
"2008","Agosto","Trajeto-Com Cat","8287","200808","Com Cat Registrada"
"2008","Setembro","Típico-Com Cat","40169","200809","Com Cat Registrada"
"2008","Setembro","Doença do Trabalho-Com Cat","1763","200809","Com Cat Registrada"
"2008","Setembro","Trajeto-Com Cat","8508","200809","Com Cat Registrada"
"2008","Outubro","Típico-Com Cat","42287","200810","Com Cat Registrada"
"2008","Outubro","Doença do Trabalho-Com Cat","1778","200810","Com Cat Registrada"
"2008","Outubro","Trajeto-Com Cat","8095","200810","Com Cat Registrada"
"2008","Novembro","Típico-Com Cat","36780","200811","Com Cat Registrada"
"2008","Novembro","Doença do Trabalho-Com Cat","1528","200811","Com Cat Registrada"
"2008","Novembro","Trajeto-Com Cat","7127","200811","Com Cat Registrada"
"2008","Dezembro","Típico-Com Cat","30609","200812","Com Cat Registrada"
"2008","Dezembro","Doença do Trabalho-Com Cat","1091","200812","Com Cat Registrada"
"2008","Dezembro","Trajeto-Com Cat","6636","200812","Com Cat Registrada"
"2008","Janeiro","Sem Cat","13588","200801","Sem Cat Registrada"
"2008","Janeiro","Sem Cat","112","200801","Sem Cat Registrada"
"2008","Janeiro","Sem Cat","5","200801","Sem Cat Registrada"
"2008","Janeiro","Sem Cat","10","200801","Sem Cat Registrada"
"2008","Fevereiro","Sem Cat","13792","200802","Sem Cat Registrada"
"2008","Fevereiro","Sem Cat","123","200802","Sem Cat Registrada"
"2008","Fevereiro","Sem Cat","4","200802","Sem Cat Registrada"
"2008","Fevereiro","Sem Cat","10","200802","Sem Cat Registrada"
"2008","Março","Sem Cat","14548","200803","Sem Cat Registrada"
"2008","Março","Sem Cat","119","200803","Sem Cat Registrada"
"2008","Março","Sem Cat","7","200803","Sem Cat Registrada"
"2008","Março","Sem Cat","8","200803","Sem Cat Registrada"
"2008","Abril","Sem Cat","14959","200804","Sem Cat Registrada"
"2008","Abril","Sem Cat","122","200804","Sem Cat Registrada"
"2008","Abril","Sem Cat","3","200804","Sem Cat Registrada"
"2008","Abril","Sem Cat","5","200804","Sem Cat Registrada"
"2008","Maio","Sem Cat","15059","200805","Sem Cat Registrada"
"2008","Maio","Sem Cat","119","200805","Sem Cat Registrada"
"2008","Maio","Sem Cat","2","200805","Sem Cat Registrada"
"2008","Maio","Sem Cat","10","200805","Sem Cat Registrada"
"2008","Junho","Sem Cat","14916","200806","Sem Cat Registrada"
"2008","Junho","Sem Cat","118","200806","Sem Cat Registrada"
"2008","Junho","Sem Cat","3","200806","Sem Cat Registrada"
"2008","Junho","Sem Cat","9","200806","Sem Cat Registrada"
"2008","Julho","Sem Cat","16635","200807","Sem Cat Registrada"
"2008","Julho","Sem Cat","141","200807","Sem Cat Registrada"
"2008","Julho","Sem Cat","1","200807","Sem Cat Registrada"
"2008","Julho","Sem Cat","17","200807","Sem Cat Registrada"
"2008","Agosto","Sem Cat","20243","200808","Sem Cat Registrada"
"2008","Agosto","Sem Cat","119","200808","Sem Cat Registrada"
"2008","Agosto","Sem Cat","2","200808","Sem Cat Registrada"
"2008","Agosto","Sem Cat","13","200808","Sem Cat Registrada"
"2008","Setembro","Sem Cat","23548","200809","Sem Cat Registrada"
"2008","Setembro","Sem Cat","137","200809","Sem Cat Registrada"
"2008","Setembro","Sem Cat","4","200809","Sem Cat Registrada"
"2008","Setembro","Sem Cat","11","200809","Sem Cat Registrada"
"2008","Outubro","Sem Cat","22145","200810","Sem Cat Registrada"
"2008","Outubro","Sem Cat","122","200810","Sem Cat Registrada"
"2008","Outubro","Sem Cat","2","200810","Sem Cat Registrada"
"2008","Outubro","Sem Cat","6","200810","Sem Cat Registrada"
"2008","Novembro","Sem Cat","18550","200811","Sem Cat Registrada"
"2008","Novembro","Sem Cat","150","200811","Sem Cat Registrada"
"2008","Novembro","Sem Cat","3","200811","Sem Cat Registrada"
"2008","Novembro","Sem Cat","13","200811","Sem Cat Registrada"
"2008","Dezembro","Sem Cat","15276","200812","Sem Cat Registrada"
"2008","Dezembro","Sem Cat","158","200812","Sem Cat Registrada"
"2008","Dezembro","Sem Cat","1","200812","Sem Cat Registrada"
"2008","Dezembro","Sem Cat","9","200812","Sem Cat Registrada"
"2009","Janeiro","Típico-Com Cat","33564","200901","Com Cat Registrada"
"2009","Janeiro","Doença do Trabalho-Com Cat","1521","200901","Com Cat Registrada"
"2009","Janeiro","Trajeto-Com Cat","6873","200901","Com Cat Registrada"
"2009","Fevereiro","Típico-Com Cat","31594","200902","Com Cat Registrada"
"2009","Fevereiro","Doença do Trabalho-Com Cat","1481","200902","Com Cat Registrada"
"2009","Fevereiro","Trajeto-Com Cat","6619","200902","Com Cat Registrada"
"2009","Março","Típico-Com Cat","38940","200903","Com Cat Registrada"
"2009","Março","Doença do Trabalho-Com Cat","2095","200903","Com Cat Registrada"
"2009","Março","Trajeto-Com Cat","7958","200903","Com Cat Registrada"
"2009","Abril","Típico-Com Cat","33511","200904","Com Cat Registrada"
"2009","Abril","Doença do Trabalho-Com Cat","1616","200904","Com Cat Registrada"
"2009","Abril","Trajeto-Com Cat","7294","200904","Com Cat Registrada"
"2009","Maio","Típico-Com Cat","35558","200905","Com Cat Registrada"
"2009","Maio","Doença do Trabalho-Com Cat","1841","200905","Com Cat Registrada"
"2009","Maio","Trajeto-Com Cat","7862","200905","Com Cat Registrada"
"2009","Junho","Típico-Com Cat","34042","200906","Com Cat Registrada"
"2009","Junho","Doença do Trabalho-Com Cat","1695","200906","Com Cat Registrada"
"2009","Junho","Trajeto-Com Cat","7664","200906","Com Cat Registrada"
"2009","Julho","Típico-Com Cat","37393","200907","Com Cat Registrada"
"2009","Julho","Doença do Trabalho-Com Cat","1748","200907","Com Cat Registrada"
"2009","Julho","Trajeto-Com Cat","7734","200907","Com Cat Registrada"
"2009","Agosto","Típico-Com Cat","37119","200908","Com Cat Registrada"
"2009","Agosto","Doença do Trabalho-Com Cat","1749","200908","Com Cat Registrada"
"2009","Agosto","Trajeto-Com Cat","8006","200908","Com Cat Registrada"
"2009","Setembro","Típico-Com Cat","37160","200909","Com Cat Registrada"
"2009","Setembro","Doença do Trabalho-Com Cat","1633","200909","Com Cat Registrada"
"2009","Setembro","Trajeto-Com Cat","7760","200909","Com Cat Registrada"
"2009","Outubro","Típico-Com Cat","37783","200910","Com Cat Registrada"
"2009","Outubro","Doença do Trabalho-Com Cat","1498","200910","Com Cat Registrada"
"2009","Outubro","Trajeto-Com Cat","7889","200910","Com Cat Registrada"
"2009","Novembro","Típico-Com Cat","36580","200911","Com Cat Registrada"
"2009","Novembro","Doença do Trabalho-Com Cat","1557","200911","Com Cat Registrada"
"2009","Novembro","Trajeto-Com Cat","7681","200911","Com Cat Registrada"
"2009","Dezembro","Típico-Com Cat","31254","200912","Com Cat Registrada"
"2009","Dezembro","Doença do Trabalho-Com Cat","1136","200912","Com Cat Registrada"
"2009","Dezembro","Trajeto-Com Cat","6840","200912","Com Cat Registrada"
"2009","Janeiro","Sem Cat","18030","200901","Sem Cat Registrada"
"2009","Janeiro","Sem Cat","183","200901","Sem Cat Registrada"
"2009","Janeiro","Sem Cat","3","200901","Sem Cat Registrada"
"2009","Janeiro","Sem Cat","14","200901","Sem Cat Registrada"
"2009","Fevereiro","Sem Cat","16266","200902","Sem Cat Registrada"
"2009","Fevereiro","Sem Cat","141","200902","Sem Cat Registrada"
"2009","Fevereiro","Sem Cat","1","200902","Sem Cat Registrada"
"2009","Fevereiro","Sem Cat","8","200902","Sem Cat Registrada"
"2009","Março","Sem Cat","19847","200903","Sem Cat Registrada"
"2009","Março","Sem Cat","191","200903","Sem Cat Registrada"
"2009","Março","Sem Cat","9","200903","Sem Cat Registrada"
"2009","Abril","Sem Cat","16983","200904","Sem Cat Registrada"
"2009","Abril","Sem Cat","157","200904","Sem Cat Registrada"
"2009","Abril","Sem Cat","4","200904","Sem Cat Registrada"
"2009","Abril","Sem Cat","16","200904","Sem Cat Registrada"
"2009","Maio","Sem Cat","17535","200905","Sem Cat Registrada"
"2009","Maio","Sem Cat","167","200905","Sem Cat Registrada"
"2009","Maio","Sem Cat","2","200905","Sem Cat Registrada"
"2009","Maio","Sem Cat","17","200905","Sem Cat Registrada"
"2009","Junho","Sem Cat","16254","200906","Sem Cat Registrada"
"2009","Junho","Sem Cat","164","200906","Sem Cat Registrada"
"2009","Junho","Sem Cat","2","200906","Sem Cat Registrada"
"2009","Junho","Sem Cat","10","200906","Sem Cat Registrada"
"2009","Julho","Sem Cat","17024","200907","Sem Cat Registrada"
"2009","Julho","Sem Cat","163","200907","Sem Cat Registrada"
"2009","Julho","Sem Cat","1","200907","Sem Cat Registrada"
"2009","Julho","Sem Cat","14","200907","Sem Cat Registrada"
"2009","Agosto","Sem Cat","17466","200908","Sem Cat Registrada"
"2009","Agosto","Sem Cat","126","200908","Sem Cat Registrada"
"2009","Agosto","Sem Cat","4","200908","Sem Cat Registrada"
"2009","Agosto","Sem Cat","9","200908","Sem Cat Registrada"
"2009","Setembro","Sem Cat","16775","200909","Sem Cat Registrada"
"2009","Setembro","Sem Cat","121","200909","Sem Cat Registrada"
"2009","Setembro","Sem Cat","16","200909","Sem Cat Registrada"
"2009","Outubro","Sem Cat","15993","200910","Sem Cat Registrada"
"2009","Outubro","Sem Cat","105","200910","Sem Cat Registrada"
"2009","Outubro","Sem Cat","3","200910","Sem Cat Registrada"
"2009","Outubro","Sem Cat","11","200910","Sem Cat Registrada"
"2009","Novembro","Sem Cat","13427","200911","Sem Cat Registrada"
"2009","Novembro","Sem Cat","78","200911","Sem Cat Registrada"
"2009","Novembro","Sem Cat","2","200911","Sem Cat Registrada"
"2009","Novembro","Sem Cat","9","200911","Sem Cat Registrada"
"2009","Dezembro","Sem Cat","11682","200912","Sem Cat Registrada"
"2009","Dezembro","Sem Cat","75","200912","Sem Cat Registrada"
"2009","Dezembro","Sem Cat","1","200912","Sem Cat Registrada"
"2009","Dezembro","Sem Cat","8","200912","Sem Cat Registrada"
"2010","Janeiro","Típico-Com Cat","32511","201001","Com Cat Registrada"
"2010","Janeiro","Doença do Trabalho-Com Cat","1389","201001","Com Cat Registrada"
"2010","Janeiro","Trajeto-Com Cat","6927","201001","Com Cat Registrada"
"2010","Fevereiro","Típico-Com Cat","31477","201002","Com Cat Registrada"
"2010","Fevereiro","Doença do Trabalho-Com Cat","1258","201002","Com Cat Registrada"
"2010","Fevereiro","Trajeto-Com Cat","6771","201002","Com Cat Registrada"
"2010","Março","Típico-Com Cat","38299","201003","Com Cat Registrada"
"2010","Março","Doença do Trabalho-Com Cat","1703","201003","Com Cat Registrada"
"2010","Março","Trajeto-Com Cat","8491","201003","Com Cat Registrada"
"2010","Abril","Típico-Com Cat","33273","201004","Com Cat Registrada"
"2010","Abril","Doença do Trabalho-Com Cat","1538","201004","Com Cat Registrada"
"2010","Abril","Trajeto-Com Cat","7775","201004","Com Cat Registrada"
"2010","Maio","Típico-Com Cat","35813","201005","Com Cat Registrada"
"2010","Maio","Doença do Trabalho-Com Cat","1519","201005","Com Cat Registrada"
"2010","Maio","Trajeto-Com Cat","8533","201005","Com Cat Registrada"
"2010","Junho","Típico-Com Cat","33642","201006","Com Cat Registrada"
"2010","Junho","Doença do Trabalho-Com Cat","1424","201006","Com Cat Registrada"
"2010","Junho","Trajeto-Com Cat","8185","201006","Com Cat Registrada"
"2010","Julho","Típico-Com Cat","35807","201007","Com Cat Registrada"
"2010","Julho","Doença do Trabalho-Com Cat","1432","201007","Com Cat Registrada"
"2010","Julho","Trajeto-Com Cat","8247","201007","Com Cat Registrada"
"2010","Agosto","Típico-Com Cat","38015","201008","Com Cat Registrada"
"2010","Agosto","Doença do Trabalho-Com Cat","1557","201008","Com Cat Registrada"
"2010","Agosto","Trajeto-Com Cat","8792","201008","Com Cat Registrada"
"2010","Setembro","Típico-Com Cat","35637","201009","Com Cat Registrada"
"2010","Setembro","Doença do Trabalho-Com Cat","1417","201009","Com Cat Registrada"
"2010","Setembro","Trajeto-Com Cat","8230","201009","Com Cat Registrada"
"2010","Outubro","Típico-Com Cat","35668","201010","Com Cat Registrada"
"2010","Outubro","Doença do Trabalho-Com Cat","1381","201010","Com Cat Registrada"
"2010","Outubro","Trajeto-Com Cat","7942","201010","Com Cat Registrada"
"2010","Novembro","Típico-Com Cat","34817","201011","Com Cat Registrada"
"2010","Novembro","Doença do Trabalho-Com Cat","1330","201011","Com Cat Registrada"
"2010","Novembro","Trajeto-Com Cat","7770","201011","Com Cat Registrada"
"2010","Dezembro","Típico-Com Cat","32336","201012","Com Cat Registrada"
"2010","Dezembro","Doença do Trabalho-Com Cat","1229","201012","Com Cat Registrada"
"2010","Dezembro","Trajeto-Com Cat","7658","201012","Com Cat Registrada"
"2010","Janeiro","Sem Cat","13642","201001","Sem Cat Registrada"
"2010","Janeiro","Sem Cat","106","201001","Sem Cat Registrada"
"2010","Janeiro","Sem Cat","3","201001","Sem Cat Registrada"
"2010","Janeiro","Sem Cat","13","201001","Sem Cat Registrada"
"2010","Fevereiro","Sem Cat","13351","201002","Sem Cat Registrada"
"2010","Fevereiro","Sem Cat","91","201002","Sem Cat Registrada"
"2010","Fevereiro","Sem Cat","1","201002","Sem Cat Registrada"
"2010","Fevereiro","Sem Cat","7","201002","Sem Cat Registrada"
"2010","Março","Sem Cat","16483","201003","Sem Cat Registrada"
"2010","Março","Sem Cat","122","201003","Sem Cat Registrada"
"2010","Março","Sem Cat","6","201003","Sem Cat Registrada"
"2010","Abril","Sem Cat","14327","201004","Sem Cat Registrada"
"2010","Abril","Sem Cat","107","201004","Sem Cat Registrada"
"2010","Abril","Sem Cat","3","201004","Sem Cat Registrada"
"2010","Abril","Sem Cat","14","201004","Sem Cat Registrada"
"2010","Maio","Sem Cat","15132","201005","Sem Cat Registrada"
"2010","Maio","Sem Cat","116","201005","Sem Cat Registrada"
"2010","Maio","Sem Cat","6","201005","Sem Cat Registrada"
"2010","Junho","Sem Cat","14686","201006","Sem Cat Registrada"
"2010","Junho","Sem Cat","121","201006","Sem Cat Registrada"
"2010","Junho","Sem Cat","2","201006","Sem Cat Registrada"
"2010","Junho","Sem Cat","8","201006","Sem Cat Registrada"
"2010","Julho","Sem Cat","15521","201007","Sem Cat Registrada"
"2010","Julho","Sem Cat","81","201007","Sem Cat Registrada"
"2010","Julho","Sem Cat","8","201007","Sem Cat Registrada"
"2010","Agosto","Sem Cat","16319","201008","Sem Cat Registrada"
"2010","Agosto","Sem Cat","96","201008","Sem Cat Registrada"
"2010","Agosto","Sem Cat","8","201008","Sem Cat Registrada"
"2010","Setembro","Sem Cat","15765","201009","Sem Cat Registrada"
"2010","Setembro","Sem Cat","72","201009","Sem Cat Registrada"
"2010","Setembro","Sem Cat","1","201009","Sem Cat Registrada"
"2010","Setembro","Sem Cat","7","201009","Sem Cat Registrada"
"2010","Outubro","Sem Cat","15396","201010","Sem Cat Registrada"
"2010","Outubro","Sem Cat","68","201010","Sem Cat Registrada"
"2010","Outubro","Sem Cat","1","201010","Sem Cat Registrada"
"2010","Outubro","Sem Cat","9","201010","Sem Cat Registrada"
"2010","Novembro","Sem Cat","14331","201011","Sem Cat Registrada"
"2010","Novembro","Sem Cat","81","201011","Sem Cat Registrada"
"2010","Novembro","Sem Cat","2","201011","Sem Cat Registrada"
"2010","Novembro","Sem Cat","9","201011","Sem Cat Registrada"
"2010","Dezembro","Sem Cat","13472","201012","Sem Cat Registrada"
"2010","Dezembro","Sem Cat","83","201012","Sem Cat Registrada"
"2010","Dezembro","Sem Cat","1","201012","Sem Cat Registrada"
"2010","Dezembro","Sem Cat","3","201012","Sem Cat Registrada"
"2011","Janeiro","Típico-Com Cat","34112","201101","Com Cat Registrada"
"2011","Janeiro","Doença do Trabalho-Com Cat","1306","201101","Com Cat Registrada"
"2011","Janeiro","Trajeto-Com Cat","7807","201101","Com Cat Registrada"
"2011","Fevereiro","Típico-Com Cat","34540","201102","Com Cat Registrada"
"2011","Fevereiro","Doença do Trabalho-Com Cat","1390","201102","Com Cat Registrada"
"2011","Fevereiro","Trajeto-Com Cat","7891","201102","Com Cat Registrada"
"2011","Março","Típico-Com Cat","36380","201103","Com Cat Registrada"
"2011","Março","Doença do Trabalho-Com Cat","1523","201103","Com Cat Registrada"
"2011","Março","Trajeto-Com Cat","8348","201103","Com Cat Registrada"
"2011","Abril","Típico-Com Cat","33283","201104","Com Cat Registrada"
"2011","Abril","Doença do Trabalho-Com Cat","1320","201104","Com Cat Registrada"
"2011","Abril","Trajeto-Com Cat","7974","201104","Com Cat Registrada"
"2011","Maio","Típico-Com Cat","38576","201105","Com Cat Registrada"
"2011","Maio","Doença do Trabalho-Com Cat","1613","201105","Com Cat Registrada"
"2011","Maio","Trajeto-Com Cat","9482","201105","Com Cat Registrada"
"2011","Junho","Típico-Com Cat","35356","201106","Com Cat Registrada"
"2011","Junho","Doença do Trabalho-Com Cat","1445","201106","Com Cat Registrada"
"2011","Junho","Trajeto-Com Cat","9125","201106","Com Cat Registrada"
"2011","Julho","Típico-Com Cat","36374","201107","Com Cat Registrada"
"2011","Julho","Doença do Trabalho-Com Cat","1418","201107","Com Cat Registrada"
"2011","Julho","Trajeto-Com Cat","8876","201107","Com Cat Registrada"
"2011","Agosto","Típico-Com Cat","40168","201108","Com Cat Registrada"
"2011","Agosto","Doença do Trabalho-Com Cat","1629","201108","Com Cat Registrada"
"2011","Agosto","Trajeto-Com Cat","9643","201108","Com Cat Registrada"
"2011","Setembro","Típico-Com Cat","36480","201109","Com Cat Registrada"
"2011","Setembro","Doença do Trabalho-Com Cat","1414","201109","Com Cat Registrada"
"2011","Setembro","Trajeto-Com Cat","8695","201109","Com Cat Registrada"
"2011","Outubro","Típico-Com Cat","35207","201110","Com Cat Registrada"
"2011","Outubro","Doença do Trabalho-Com Cat","1451","201110","Com Cat Registrada"
"2011","Outubro","Trajeto-Com Cat","8117","201110","Com Cat Registrada"
"2011","Novembro","Típico-Com Cat","34215","201111","Com Cat Registrada"
"2011","Novembro","Doença do Trabalho-Com Cat","1267","201111","Com Cat Registrada"
"2011","Novembro","Trajeto-Com Cat","7630","201111","Com Cat Registrada"
"2011","Dezembro","Típico-Com Cat","31462","201112","Com Cat Registrada"
"2011","Dezembro","Doença do Trabalho-Com Cat","1063","201112","Com Cat Registrada"
"2011","Dezembro","Trajeto-Com Cat","7309","201112","Com Cat Registrada"
"2011","Janeiro","Sem Cat","15122","201101","Sem Cat Registrada"
"2011","Janeiro","Sem Cat","94","201101","Sem Cat Registrada"
"2011","Janeiro","Sem Cat","1","201101","Sem Cat Registrada"
"2011","Janeiro","Sem Cat","6","201101","Sem Cat Registrada"
"2011","Fevereiro","Sem Cat","15381","201102","Sem Cat Registrada"
"2011","Fevereiro","Sem Cat","83","201102","Sem Cat Registrada"
"2011","Fevereiro","Sem Cat","2","201102","Sem Cat Registrada"
"2011","Fevereiro","Sem Cat","6","201102","Sem Cat Registrada"
"2011","Março","Sem Cat","15641","201103","Sem Cat Registrada"
"2011","Março","Sem Cat","100","201103","Sem Cat Registrada"
"2011","Março","Sem Cat","3","201103","Sem Cat Registrada"
"2011","Março","Sem Cat","8","201103","Sem Cat Registrada"
"2011","Abril","Sem Cat","13977","201104","Sem Cat Registrada"
"2011","Abril","Sem Cat","105","201104","Sem Cat Registrada"
"2011","Abril","Sem Cat","5","201104","Sem Cat Registrada"
"2011","Abril","Sem Cat","8","201104","Sem Cat Registrada"
"2011","Maio","Sem Cat","15357","201105","Sem Cat Registrada"
"2011","Maio","Sem Cat","103","201105","Sem Cat Registrada"
"2011","Maio","Sem Cat","3","201105","Sem Cat Registrada"
"2011","Maio","Sem Cat","4","201105","Sem Cat Registrada"
"2011","Junho","Sem Cat","14026","201106","Sem Cat Registrada"
"2011","Junho","Sem Cat","84","201106","Sem Cat Registrada"
"2011","Junho","Sem Cat","2","201106","Sem Cat Registrada"
"2011","Junho","Sem Cat","6","201106","Sem Cat Registrada"
"2011","Julho","Sem Cat","14665","201107","Sem Cat Registrada"
"2011","Julho","Sem Cat","82","201107","Sem Cat Registrada"
"2011","Julho","Sem Cat","6","201107","Sem Cat Registrada"
"2011","Agosto","Sem Cat","16279","201108","Sem Cat Registrada"
"2011","Agosto","Sem Cat","97","201108","Sem Cat Registrada"
"2011","Agosto","Sem Cat","2","201108","Sem Cat Registrada"
"2011","Agosto","Sem Cat","7","201108","Sem Cat Registrada"
"2011","Setembro","Sem Cat","14785","201109","Sem Cat Registrada"
"2011","Setembro","Sem Cat","69","201109","Sem Cat Registrada"
"2011","Setembro","Sem Cat","2","201109","Sem Cat Registrada"
"2011","Setembro","Sem Cat","1","201109","Sem Cat Registrada"
"2011","Outubro","Sem Cat","14315","201110","Sem Cat Registrada"
"2011","Outubro","Sem Cat","46","201110","Sem Cat Registrada"
"2011","Outubro","Sem Cat","1","201110","Sem Cat Registrada"
"2011","Outubro","Sem Cat","3","201110","Sem Cat Registrada"
"2011","Novembro","Sem Cat","13778","201111","Sem Cat Registrada"
"2011","Novembro","Sem Cat","52","201111","Sem Cat Registrada"
"2011","Novembro","Sem Cat","1","201111","Sem Cat Registrada"
"2011","Novembro","Sem Cat","1","201111","Sem Cat Registrada"
"2011","Dezembro","Sem Cat","12386","201112","Sem Cat Registrada"
"2011","Dezembro","Sem Cat","31","201112","Sem Cat Registrada"
"2011","Dezembro","Sem Cat","1","201112","Sem Cat Registrada"
"2011","Dezembro","Sem Cat","3","201112","Sem Cat Registrada"
"2012","Janeiro","Típico-Com Cat","34255","201201","Com Cat Registrada"
"2012","Janeiro","Doença do Trabalho-Com Cat","1340","201201","Com Cat Registrada"
"2012","Janeiro","Trajeto-Com Cat","7363","201201","Com Cat Registrada"
"2012","Fevereiro","Típico-Com Cat","33563","201202","Com Cat Registrada"
"2012","Fevereiro","Doença do Trabalho-Com Cat","1288","201202","Com Cat Registrada"
"2012","Fevereiro","Trajeto-Com Cat","7611","201202","Com Cat Registrada"
"2012","Março","Típico-Com Cat","38591","201203","Com Cat Registrada"
"2012","Março","Doença do Trabalho-Com Cat","1609","201203","Com Cat Registrada"
"2012","Março","Trajeto-Com Cat","9250","201203","Com Cat Registrada"
"2012","Abril","Típico-Com Cat","32731","201204","Com Cat Registrada"
"2012","Abril","Doença do Trabalho-Com Cat","1391","201204","Com Cat Registrada"
"2012","Abril","Trajeto-Com Cat","7991","201204","Com Cat Registrada"
"2012","Maio","Típico-Com Cat","37542","201205","Com Cat Registrada"
"2012","Maio","Doença do Trabalho-Com Cat","1589","201205","Com Cat Registrada"
"2012","Maio","Trajeto-Com Cat","9779","201205","Com Cat Registrada"
"2012","Junho","Típico-Com Cat","34257","201206","Com Cat Registrada"
"2012","Junho","Doença do Trabalho-Com Cat","1436","201206","Com Cat Registrada"
"2012","Junho","Trajeto-Com Cat","8857","201206","Com Cat Registrada"
"2012","Julho","Típico-Com Cat","36762","201207","Com Cat Registrada"
"2012","Julho","Doença do Trabalho-Com Cat","1496","201207","Com Cat Registrada"
"2012","Julho","Trajeto-Com Cat","8904","201207","Com Cat Registrada"
"2012","Agosto","Típico-Com Cat","40097","201208","Com Cat Registrada"
"2012","Agosto","Doença do Trabalho-Com Cat","1615","201208","Com Cat Registrada"
"2012","Agosto","Trajeto-Com Cat","9951","201208","Com Cat Registrada"
"2012","Setembro","Típico-Com Cat","35210","201209","Com Cat Registrada"
"2012","Setembro","Doença do Trabalho-Com Cat","1279","201209","Com Cat Registrada"
"2012","Setembro","Trajeto-Com Cat","8676","201209","Com Cat Registrada"
"2012","Outubro","Típico-Com Cat","39051","201210","Com Cat Registrada"
"2012","Outubro","Doença do Trabalho-Com Cat","1492","201210","Com Cat Registrada"
"2012","Outubro","Trajeto-Com Cat","9209","201210","Com Cat Registrada"
"2012","Novembro","Típico-Com Cat","34255","201211","Com Cat Registrada"
"2012","Novembro","Doença do Trabalho-Com Cat","1213","201211","Com Cat Registrada"
"2012","Novembro","Trajeto-Com Cat","8038","201211","Com Cat Registrada"
"2012","Dezembro","Típico-Com Cat","29970","201212","Com Cat Registrada"
"2012","Dezembro","Doença do Trabalho-Com Cat","1150","201212","Com Cat Registrada"
"2012","Dezembro","Trajeto-Com Cat","7411","201212","Com Cat Registrada"
"2012","Janeiro","Sem Cat","13853","201201","Sem Cat Registrada"
"2012","Janeiro","Sem Cat","108","201201","Sem Cat Registrada"
"2012","Janeiro","Sem Cat","2","201201","Sem Cat Registrada"
"2012","Janeiro","Sem Cat","4","201201","Sem Cat Registrada"
"2012","Fevereiro","Sem Cat","13459","201202","Sem Cat Registrada"
"2012","Fevereiro","Sem Cat","118","201202","Sem Cat Registrada"
"2012","Fevereiro","Sem Cat","3","201202","Sem Cat Registrada"
"2012","Março","Sem Cat","15670","201203","Sem Cat Registrada"
"2012","Março","Sem Cat","74","201203","Sem Cat Registrada"
"2012","Março","Sem Cat","1","201203","Sem Cat Registrada"
"2012","Março","Sem Cat","4","201203","Sem Cat Registrada"
"2012","Abril","Sem Cat","13463","201204","Sem Cat Registrada"
"2012","Abril","Sem Cat","85","201204","Sem Cat Registrada"
"2012","Abril","Sem Cat","1","201204","Sem Cat Registrada"
"2012","Abril","Sem Cat","4","201204","Sem Cat Registrada"
"2012","Maio","Sem Cat","14819","201205","Sem Cat Registrada"
"2012","Maio","Sem Cat","83","201205","Sem Cat Registrada"
"2012","Maio","Sem Cat","1","201205","Sem Cat Registrada"
"2012","Maio","Sem Cat","2","201205","Sem Cat Registrada"
"2012","Junho","Sem Cat","13369","201206","Sem Cat Registrada"
"2012","Junho","Sem Cat","62","201206","Sem Cat Registrada"
"2012","Junho","Sem Cat","1","201206","Sem Cat Registrada"
"2012","Junho","Sem Cat","2","201206","Sem Cat Registrada"
"2012","Julho","Sem Cat","14277","201207","Sem Cat Registrada"
"2012","Julho","Sem Cat","70","201207","Sem Cat Registrada"
"2012","Julho","Sem Cat","4","201207","Sem Cat Registrada"
"2012","Julho","Sem Cat","1","201207","Sem Cat Registrada"
"2012","Agosto","Sem Cat","15940","201208","Sem Cat Registrada"
"2012","Agosto","Sem Cat","91","201208","Sem Cat Registrada"
"2012","Agosto","Sem Cat","12","201208","Sem Cat Registrada"
"2012","Agosto","Sem Cat","3","201208","Sem Cat Registrada"
"2012","Setembro","Sem Cat","13900","201209","Sem Cat Registrada"
"2012","Setembro","Sem Cat","49","201209","Sem Cat Registrada"
"2012","Setembro","Sem Cat","4","201209","Sem Cat Registrada"
"2012","Setembro","Sem Cat","5","201209","Sem Cat Registrada"
"2012","Outubro","Sem Cat","14361","201210","Sem Cat Registrada"
"2012","Outubro","Sem Cat","60","201210","Sem Cat Registrada"
"2012","Outubro","Sem Cat","5","201210","Sem Cat Registrada"
"2012","Outubro","Sem Cat","1","201210","Sem Cat Registrada"
"2012","Novembro","Sem Cat","12572","201211","Sem Cat Registrada"
"2012","Novembro","Sem Cat","55","201211","Sem Cat Registrada"
"2012","Novembro","Sem Cat","2","201211","Sem Cat Registrada"
"2012","Novembro","Sem Cat","1","201211","Sem Cat Registrada"
"2012","Dezembro","Sem Cat","11123","201212","Sem Cat Registrada"
"2012","Dezembro","Sem Cat","35","201212","Sem Cat Registrada"
"2012","Dezembro","Sem Cat","3","201212","Sem Cat Registrada"
"2013","Janeiro","Típico-Com Cat","34810","201301","Com Cat Registrada"
"2013","Janeiro","Doença do Trabalho-Com Cat","1417","201301","Com Cat Registrada"
"2013","Janeiro","Trajeto-Com Cat","8281","201301","Com Cat Registrada"
"2013","Fevereiro","Típico-Com Cat","32772","201302","Com Cat Registrada"
"2013","Fevereiro","Doença do Trabalho-Com Cat","1337","201302","Com Cat Registrada"
"2013","Fevereiro","Trajeto-Com Cat","7894","201302","Com Cat Registrada"
"2013","Março","Típico-Com Cat","35702","201303","Com Cat Registrada"
"2013","Março","Doença do Trabalho-Com Cat","1564","201303","Com Cat Registrada"
"2013","Março","Trajeto-Com Cat","9012","201303","Com Cat Registrada"
"2013","Abril","Típico-Com Cat","38042","201304","Com Cat Registrada"
"2013","Abril","Doença do Trabalho-Com Cat","1547","201304","Com Cat Registrada"
"2013","Abril","Trajeto-Com Cat","9628","201304","Com Cat Registrada"
"2013","Maio","Típico-Com Cat","36732","201305","Com Cat Registrada"
"2013","Maio","Doença do Trabalho-Com Cat","1485","201305","Com Cat Registrada"
"2013","Maio","Trajeto-Com Cat","9573","201305","Com Cat Registrada"
"2013","Junho","Típico-Com Cat","35137","201306","Com Cat Registrada"
"2013","Junho","Doença do Trabalho-Com Cat","1425","201306","Com Cat Registrada"
"2013","Junho","Trajeto-Com Cat","9639","201306","Com Cat Registrada"
"2013","Julho","Típico-Com Cat","38230","201307","Com Cat Registrada"
"2013","Julho","Doença do Trabalho-Com Cat","1514","201307","Com Cat Registrada"
"2013","Julho","Trajeto-Com Cat","10014","201307","Com Cat Registrada"
"2013","Agosto","Típico-Com Cat","38705","201308","Com Cat Registrada"
"2013","Agosto","Doença do Trabalho-Com Cat","1523","201308","Com Cat Registrada"
"2013","Agosto","Trajeto-Com Cat","10703","201308","Com Cat Registrada"
"2013","Setembro","Típico-Com Cat","37752","201309","Com Cat Registrada"
"2013","Setembro","Doença do Trabalho-Com Cat","1553","201309","Com Cat Registrada"
"2013","Setembro","Trajeto-Com Cat","9829","201309","Com Cat Registrada"
"2013","Outubro","Típico-Com Cat","40512","201310","Com Cat Registrada"
"2013","Outubro","Doença do Trabalho-Com Cat","1517","201310","Com Cat Registrada"
"2013","Outubro","Trajeto-Com Cat","10225","201310","Com Cat Registrada"
"2013","Novembro","Típico-Com Cat","35455","201311","Com Cat Registrada"
"2013","Novembro","Doença do Trabalho-Com Cat","1184","201311","Com Cat Registrada"
"2013","Novembro","Trajeto-Com Cat","9291","201311","Com Cat Registrada"
"2013","Dezembro","Típico-Com Cat","30490","201312","Com Cat Registrada"
"2013","Dezembro","Doença do Trabalho-Com Cat","1116","201312","Com Cat Registrada"
"2013","Dezembro","Trajeto-Com Cat","8094","201312","Com Cat Registrada"
"2013","Janeiro","Sem Cat","13622","201301","Sem Cat Registrada"
"2013","Janeiro","Sem Cat","75","201301","Sem Cat Registrada"
"2013","Janeiro","Sem Cat","1","201301","Sem Cat Registrada"
"2013","Janeiro","Sem Cat","6","201301","Sem Cat Registrada"
"2013","Fevereiro","Sem Cat","12565","201302","Sem Cat Registrada"
"2013","Fevereiro","Sem Cat","78","201302","Sem Cat Registrada"
"2013","Fevereiro","Sem Cat","3","201302","Sem Cat Registrada"
"2013","Março","Sem Cat","14007","201303","Sem Cat Registrada"
"2013","Março","Sem Cat","87","201303","Sem Cat Registrada"
"2013","Março","Sem Cat","3","201303","Sem Cat Registrada"
"2013","Abril","Sem Cat","14377","201304","Sem Cat Registrada"
"2013","Abril","Sem Cat","74","201304","Sem Cat Registrada"
"2013","Abril","Sem Cat","4","201304","Sem Cat Registrada"
"2013","Abril","Sem Cat","3","201304","Sem Cat Registrada"
"2013","Maio","Sem Cat","13609","201305","Sem Cat Registrada"
"2013","Maio","Sem Cat","88","201305","Sem Cat Registrada"
"2013","Maio","Sem Cat","1","201305","Sem Cat Registrada"
"2013","Maio","Sem Cat","4","201305","Sem Cat Registrada"
"2013","Junho","Sem Cat","13222","201306","Sem Cat Registrada"
"2013","Junho","Sem Cat","56","201306","Sem Cat Registrada"
"2013","Junho","Sem Cat","5","201306","Sem Cat Registrada"
"2013","Julho","Sem Cat","14053","201307","Sem Cat Registrada"
"2013","Julho","Sem Cat","84","201307","Sem Cat Registrada"
"2013","Julho","Sem Cat","2","201307","Sem Cat Registrada"
"2013","Julho","Sem Cat","3","201307","Sem Cat Registrada"
"2013","Agosto","Sem Cat","14750","201308","Sem Cat Registrada"
"2013","Agosto","Sem Cat","80","201308","Sem Cat Registrada"
"2013","Agosto","Sem Cat","2","201308","Sem Cat Registrada"
"2013","Agosto","Sem Cat","5","201308","Sem Cat Registrada"
"2013","Setembro","Sem Cat","13781","201309","Sem Cat Registrada"
"2013","Setembro","Sem Cat","62","201309","Sem Cat Registrada"
"2013","Setembro","Sem Cat","1","201309","Sem Cat Registrada"
"2013","Setembro","Sem Cat","1","201309","Sem Cat Registrada"
"2013","Outubro","Sem Cat","14266","201310","Sem Cat Registrada"
"2013","Outubro","Sem Cat","69","201310","Sem Cat Registrada"
"2013","Outubro","Sem Cat","5","201310","Sem Cat Registrada"
"2013","Outubro","Sem Cat","2","201310","Sem Cat Registrada"
"2013","Novembro","Sem Cat","12457","201311","Sem Cat Registrada"
"2013","Novembro","Sem Cat","53","201311","Sem Cat Registrada"
"2013","Novembro","Sem Cat","4","201311","Sem Cat Registrada"
"2013","Novembro","Sem Cat","3","201311","Sem Cat Registrada"
"2013","Dezembro","Sem Cat","10342","201312","Sem Cat Registrada"
"2013","Dezembro","Sem Cat","36","201312","Sem Cat Registrada"
"2013","Dezembro","Sem Cat","7","201312","Sem Cat Registrada"
"2013","Dezembro","Sem Cat","2","201312","Sem Cat Registrada"
"2014","Janeiro","Típico-Com Cat","35926","201401","Com Cat Registrada"
"2014","Janeiro","Doença do Trabalho-Com Cat","1399","201401","Com Cat Registrada"
"2014","Janeiro","Trajeto-Com Cat","9068","201401","Com Cat Registrada"
"2014","Fevereiro","Típico-Com Cat","35179","201402","Com Cat Registrada"
"2014","Fevereiro","Doença do Trabalho-Com Cat","1401","201402","Com Cat Registrada"
"2014","Fevereiro","Trajeto-Com Cat","9263","201402","Com Cat Registrada"
"2014","Março","Típico-Com Cat","36006","201403","Com Cat Registrada"
"2014","Março","Doença do Trabalho-Com Cat","1607","201403","Com Cat Registrada"
"2014","Março","Trajeto-Com Cat","9560","201403","Com Cat Registrada"
"2014","Abril","Típico-Com Cat","34694","201404","Com Cat Registrada"
"2014","Abril","Doença do Trabalho-Com Cat","1471","201404","Com Cat Registrada"
"2014","Abril","Trajeto-Com Cat","9468","201404","Com Cat Registrada"
"2014","Maio","Típico-Com Cat","36785","201405","Com Cat Registrada"
"2014","Maio","Doença do Trabalho-Com Cat","1566","201405","Com Cat Registrada"
"2014","Maio","Trajeto-Com Cat","10278","201405","Com Cat Registrada"
"2014","Junho","Típico-Com Cat","32625","201406","Com Cat Registrada"
"2014","Junho","Doença do Trabalho-Com Cat","1313","201406","Com Cat Registrada"
"2014","Junho","Trajeto-Com Cat","9379","201406","Com Cat Registrada"
"2014","Julho","Típico-Com Cat","37579","201407","Com Cat Registrada"
"2014","Julho","Doença do Trabalho-Com Cat","1553","201407","Com Cat Registrada"
"2014","Julho","Trajeto-Com Cat","10152","201407","Com Cat Registrada"
"2014","Agosto","Típico-Com Cat","37261","201408","Com Cat Registrada"
"2014","Agosto","Doença do Trabalho-Com Cat","1635","201408","Com Cat Registrada"
"2014","Agosto","Trajeto-Com Cat","10211","201408","Com Cat Registrada"
"2014","Setembro","Típico-Com Cat","38973","201409","Com Cat Registrada"
"2014","Setembro","Doença do Trabalho-Com Cat","1596","201409","Com Cat Registrada"
"2014","Setembro","Trajeto-Com Cat","10696","201409","Com Cat Registrada"
"2014","Outubro","Típico-Com Cat","39848","201410","Com Cat Registrada"
"2014","Outubro","Doença do Trabalho-Com Cat","1671","201410","Com Cat Registrada"
"2014","Outubro","Trajeto-Com Cat","10762","201410","Com Cat Registrada"
"2014","Novembro","Típico-Com Cat","35098","201411","Com Cat Registrada"
"2014","Novembro","Doença do Trabalho-Com Cat","1326","201411","Com Cat Registrada"
"2014","Novembro","Trajeto-Com Cat","9196","201411","Com Cat Registrada"
"2014","Dezembro","Típico-Com Cat","30480","201412","Com Cat Registrada"
"2014","Dezembro","Doença do Trabalho-Com Cat","1061","201412","Com Cat Registrada"
"2014","Dezembro","Trajeto-Com Cat","8197","201412","Com Cat Registrada"
"2014","Janeiro","Sem Cat","12883","201401","Sem Cat Registrada"
"2014","Janeiro","Sem Cat","95","201401","Sem Cat Registrada"
"2014","Janeiro","Sem Cat","10","201401","Sem Cat Registrada"
"2014","Janeiro","Sem Cat","5","201401","Sem Cat Registrada"
"2014","Fevereiro","Sem Cat","12798","201402","Sem Cat Registrada"
"2014","Fevereiro","Sem Cat","76","201402","Sem Cat Registrada"
"2014","Fevereiro","Sem Cat","4","201402","Sem Cat Registrada"
"2014","Fevereiro","Sem Cat","2","201402","Sem Cat Registrada"
"2014","Março","Sem Cat","12231","201403","Sem Cat Registrada"
"2014","Março","Sem Cat","98","201403","Sem Cat Registrada"
"2014","Março","Sem Cat","2","201403","Sem Cat Registrada"
"2014","Abril","Sem Cat","12422","201404","Sem Cat Registrada"
"2014","Abril","Sem Cat","74","201404","Sem Cat Registrada"
"2014","Abril","Sem Cat","3","201404","Sem Cat Registrada"
"2014","Abril","Sem Cat","3","201404","Sem Cat Registrada"
"2014","Maio","Sem Cat","13261","201405","Sem Cat Registrada"
"2014","Maio","Sem Cat","82","201405","Sem Cat Registrada"
"2014","Maio","Sem Cat","1","201405","Sem Cat Registrada"
"2014","Maio","Sem Cat","2","201405","Sem Cat Registrada"
"2014","Junho","Sem Cat","11311","201406","Sem Cat Registrada"
"2014","Junho","Sem Cat","63","201406","Sem Cat Registrada"
"2014","Junho","Sem Cat","1","201406","Sem Cat Registrada"
"2014","Julho","Sem Cat","13133","201407","Sem Cat Registrada"
"2014","Julho","Sem Cat","63","201407","Sem Cat Registrada"
"2014","Julho","Sem Cat","2","201407","Sem Cat Registrada"
"2014","Agosto","Sem Cat","13224","201408","Sem Cat Registrada"
"2014","Agosto","Sem Cat","54","201408","Sem Cat Registrada"
"2014","Agosto","Sem Cat","4","201408","Sem Cat Registrada"
"2014","Setembro","Sem Cat","12919","201409","Sem Cat Registrada"
"2014","Setembro","Sem Cat","59","201409","Sem Cat Registrada"
"2014","Setembro","Sem Cat","1","201409","Sem Cat Registrada"
"2014","Outubro","Sem Cat","13076","201410","Sem Cat Registrada"
"2014","Outubro","Sem Cat","45","201410","Sem Cat Registrada"
"2014","Outubro","Sem Cat","1","201410","Sem Cat Registrada"
"2014","Outubro","Sem Cat","1","201410","Sem Cat Registrada"
"2014","Novembro","Sem Cat","10803","201411","Sem Cat Registrada"
"2014","Novembro","Sem Cat","43","201411","Sem Cat Registrada"
"2014","Novembro","Sem Cat","1","201411","Sem Cat Registrada"
"2014","Novembro","Sem Cat","3","201411","Sem Cat Registrada"
"2014","Dezembro","Sem Cat","9125","201412","Sem Cat Registrada"
"2014","Dezembro","Sem Cat","32","201412","Sem Cat Registrada"
"2014","Dezembro","Sem Cat","2","201412","Sem Cat Registrada"
"2014","Dezembro","Sem Cat","1","201412","Sem Cat Registrada"
"2015","Janeiro","Típico-Com Cat","32821","201501","Com Cat Registrada"
"2015","Janeiro","Doença do Trabalho-Com Cat","1238","201501","Com Cat Registrada"
"2015","Janeiro","Trajeto-Com Cat","8336","201501","Com Cat Registrada"
"2015","Fevereiro","Típico-Com Cat","30968","201502","Com Cat Registrada"
"2015","Fevereiro","Doença do Trabalho-Com Cat","1221","201502","Com Cat Registrada"
"2015","Fevereiro","Trajeto-Com Cat","8235","201502","Com Cat Registrada"
"2015","Março","Típico-Com Cat","36124","201503","Com Cat Registrada"
"2015","Março","Doença do Trabalho-Com Cat","1447","201503","Com Cat Registrada"
"2015","Março","Trajeto-Com Cat","9535","201503","Com Cat Registrada"
"2015","Abril","Típico-Com Cat","31207","201504","Com Cat Registrada"
"2015","Abril","Doença do Trabalho-Com Cat","1293","201504","Com Cat Registrada"
"2015","Abril","Trajeto-Com Cat","8605","201504","Com Cat Registrada"
"2015","Maio","Típico-Com Cat","32108","201505","Com Cat Registrada"
"2015","Maio","Doença do Trabalho-Com Cat","1360","201505","Com Cat Registrada"
"2015","Maio","Trajeto-Com Cat","9117","201505","Com Cat Registrada"
"2015","Junho","Típico-Com Cat","31521","201506","Com Cat Registrada"
"2015","Junho","Doença do Trabalho-Com Cat","1294","201506","Com Cat Registrada"
"2015","Junho","Trajeto-Com Cat","9173","201506","Com Cat Registrada"
"2015","Julho","Típico-Com Cat","33709","201507","Com Cat Registrada"
"2015","Julho","Doença do Trabalho-Com Cat","1492","201507","Com Cat Registrada"
"2015","Julho","Trajeto-Com Cat","9521","201507","Com Cat Registrada"
"2015","Agosto","Típico-Com Cat","33697","201508","Com Cat Registrada"
"2015","Agosto","Doença do Trabalho-Com Cat","1406","201508","Com Cat Registrada"
"2015","Agosto","Trajeto-Com Cat","9621","201508","Com Cat Registrada"
"2015","Setembro","Típico-Com Cat","32768","201509","Com Cat Registrada"
"2015","Setembro","Doença do Trabalho-Com Cat","1266","201509","Com Cat Registrada"
"2015","Setembro","Trajeto-Com Cat","9260","201509","Com Cat Registrada"
"2015","Outubro","Típico-Com Cat","32590","201510","Com Cat Registrada"
"2015","Outubro","Doença do Trabalho-Com Cat","1194","201510","Com Cat Registrada"
"2015","Outubro","Trajeto-Com Cat","9040","201510","Com Cat Registrada"
"2015","Novembro","Típico-Com Cat","30839","201511","Com Cat Registrada"
"2015","Novembro","Doença do Trabalho-Com Cat","1205","201511","Com Cat Registrada"
"2015","Novembro","Trajeto-Com Cat","8413","201511","Com Cat Registrada"
"2015","Dezembro","Típico-Com Cat","27294","201512","Com Cat Registrada"
"2015","Dezembro","Doença do Trabalho-Com Cat","970","201512","Com Cat Registrada"
"2015","Dezembro","Trajeto-Com Cat","7865","201512","Com Cat Registrada"
"2015","Janeiro","Sem Cat","10675","201501","Sem Cat Registrada"
"2015","Janeiro","Sem Cat","73","201501","Sem Cat Registrada"
"2015","Janeiro","Sem Cat","1","201501","Sem Cat Registrada"
"2015","Janeiro","Sem Cat","1","201501","Sem Cat Registrada"
"2015","Fevereiro","Sem Cat","9733","201502","Sem Cat Registrada"
"2015","Fevereiro","Sem Cat","55","201502","Sem Cat Registrada"
"2015","Fevereiro","Sem Cat","2","201502","Sem Cat Registrada"
"2015","Fevereiro","Sem Cat","2","201502","Sem Cat Registrada"
"2015","Março","Sem Cat","10053","201503","Sem Cat Registrada"
"2015","Março","Sem Cat","69","201503","Sem Cat Registrada"
"2015","Março","Sem Cat","2","201503","Sem Cat Registrada"
"2015","Abril","Sem Cat","9001","201504","Sem Cat Registrada"
"2015","Abril","Sem Cat","59","201504","Sem Cat Registrada"
"2015","Maio","Sem Cat","9395","201505","Sem Cat Registrada"
"2015","Maio","Sem Cat","48","201505","Sem Cat Registrada"
"2015","Maio","Sem Cat","3","201505","Sem Cat Registrada"
"2015","Maio","Sem Cat","1","201505","Sem Cat Registrada"
"2015","Junho","Sem Cat","9563","201506","Sem Cat Registrada"
"2015","Junho","Sem Cat","55","201506","Sem Cat Registrada"
"2015","Junho","Sem Cat","1","201506","Sem Cat Registrada"
"2015","Junho","Sem Cat","1","201506","Sem Cat Registrada"
"2015","Julho","Sem Cat","10806","201507","Sem Cat Registrada"
"2015","Julho","Sem Cat","67","201507","Sem Cat Registrada"
"2015","Julho","Sem Cat","1","201507","Sem Cat Registrada"
"2015","Julho","Sem Cat","3","201507","Sem Cat Registrada"
"2015","Agosto","Sem Cat","10578","201508","Sem Cat Registrada"
"2015","Agosto","Sem Cat","43","201508","Sem Cat Registrada"
"2015","Agosto","Sem Cat","1","201508","Sem Cat Registrada"
"2015","Agosto","Sem Cat","1","201508","Sem Cat Registrada"
"2015","Setembro","Sem Cat","9416","201509","Sem Cat Registrada"
"2015","Setembro","Sem Cat","54","201509","Sem Cat Registrada"
"2015","Setembro","Sem Cat","4","201509","Sem Cat Registrada"
"2015","Setembro","Sem Cat","2","201509","Sem Cat Registrada"
"2015","Outubro","Sem Cat","9408","201510","Sem Cat Registrada"
"2015","Outubro","Sem Cat","32","201510","Sem Cat Registrada"
"2015","Outubro","Sem Cat","1","201510","Sem Cat Registrada"
"2015","Outubro","Sem Cat","1","201510","Sem Cat Registrada"
"2015","Novembro","Sem Cat","8159","201511","Sem Cat Registrada"
"2015","Novembro","Sem Cat","37","201511","Sem Cat Registrada"
"2015","Novembro","Sem Cat","2","201511","Sem Cat Registrada"
"2015","Novembro","Sem Cat","2","201511","Sem Cat Registrada"
"2015","Dezembro","Sem Cat","7178","201512","Sem Cat Registrada"
"2015","Dezembro","Sem Cat","36","201512","Sem Cat Registrada"
"2015","Dezembro","Sem Cat","1","201512","Sem Cat Registrada"
"2016","Janeiro","Típico-Com Cat","28592","{ñ class}","Com Cat Registrada"
"2016","Janeiro","Doença do Trabalho-Com Cat","1085","{ñ class}","Com Cat Registrada"
"2016","Janeiro","Trajeto-Com Cat","7967","{ñ class}","Com Cat Registrada"
"2016","Fevereiro","Típico-Com Cat","28823","{ñ class}","Com Cat Registrada"
"2016","Fevereiro","Doença do Trabalho-Com Cat","1205","{ñ class}","Com Cat Registrada"
"2016","Fevereiro","Trajeto-Com Cat","8202","{ñ class}","Com Cat Registrada"
"2016","Março","Típico-Com Cat","32233","{ñ class}","Com Cat Registrada"
"2016","Março","Doença do Trabalho-Com Cat","1373","{ñ class}","Com Cat Registrada"
"2016","Março","Trajeto-Com Cat","9431","{ñ class}","Com Cat Registrada"
"2016","Abril","Típico-Com Cat","29593","{ñ class}","Com Cat Registrada"
"2016","Abril","Doença do Trabalho-Com Cat","1304","{ñ class}","Com Cat Registrada"
"2016","Abril","Trajeto-Com Cat","9187","{ñ class}","Com Cat Registrada"
"2016","Maio","Típico-Com Cat","29505","{ñ class}","Com Cat Registrada"
"2016","Maio","Doença do Trabalho-Com Cat","1274","{ñ class}","Com Cat Registrada"
"2016","Maio","Trajeto-Com Cat","9628","{ñ class}","Com Cat Registrada"
"2016","Junho","Típico-Com Cat","30764","{ñ class}","Com Cat Registrada"
"2016","Junho","Doença do Trabalho-Com Cat","1379","{ñ class}","Com Cat Registrada"
"2016","Junho","Trajeto-Com Cat","9985","{ñ class}","Com Cat Registrada"
"2016","Julho","Típico-Com Cat","29914","{ñ class}","Com Cat Registrada"
"2016","Julho","Doença do Trabalho-Com Cat","1201","{ñ class}","Com Cat Registrada"
"2016","Julho","Trajeto-Com Cat","9514","{ñ class}","Com Cat Registrada"
"2016","Agosto","Típico-Com Cat","32169","{ñ class}","Com Cat Registrada"
"2016","Agosto","Doença do Trabalho-Com Cat","1332","{ñ class}","Com Cat Registrada"
"2016","Agosto","Trajeto-Com Cat","10235","{ñ class}","Com Cat Registrada"
"2016","Setembro","Típico-Com Cat","29805","{ñ class}","Com Cat Registrada"
"2016","Setembro","Doença do Trabalho-Com Cat","1038","{ñ class}","Com Cat Registrada"
"2016","Setembro","Trajeto-Com Cat","8938","{ñ class}","Com Cat Registrada"
"2016","Outubro","Típico-Com Cat","29043","{ñ class}","Com Cat Registrada"
"2016","Outubro","Doença do Trabalho-Com Cat","943","{ñ class}","Com Cat Registrada"
"2016","Outubro","Trajeto-Com Cat","8949","{ñ class}","Com Cat Registrada"
"2016","Novembro","Típico-Com Cat","28167","{ñ class}","Com Cat Registrada"
"2016","Novembro","Doença do Trabalho-Com Cat","935","{ñ class}","Com Cat Registrada"
"2016","Novembro","Trajeto-Com Cat","8345","{ñ class}","Com Cat Registrada"
"2016","Dezembro","Típico-Com Cat","26952","{ñ class}","Com Cat Registrada"
"2016","Dezembro","Doença do Trabalho-Com Cat","858","{ñ class}","Com Cat Registrada"
"2016","Dezembro","Trajeto-Com Cat","8171","{ñ class}","Com Cat Registrada"
"2016","Janeiro","Sem Cat","8532","{ñ class}","Sem Cat Registrada"
"2016","Janeiro","Sem Cat","90","{ñ class}","Sem Cat Registrada"
"2016","Janeiro","Sem Cat","5","{ñ class}","Sem Cat Registrada"
"2016","Janeiro","Sem Cat","1","{ñ class}","Sem Cat Registrada"
"2016","Fevereiro","Sem Cat","8913","{ñ class}","Sem Cat Registrada"
"2016","Fevereiro","Sem Cat","80","{ñ class}","Sem Cat Registrada"
"2016","Fevereiro","Sem Cat","2","{ñ class}","Sem Cat Registrada"
"2016","Fevereiro","Sem Cat","1","{ñ class}","Sem Cat Registrada"
"2016","Março","Sem Cat","10173","{ñ class}","Sem Cat Registrada"
"2016","Março","Sem Cat","120","{ñ class}","Sem Cat Registrada"
"2016","Março","Sem Cat","4","{ñ class}","Sem Cat Registrada"
"2016","Março","Sem Cat","2","{ñ class}","Sem Cat Registrada"
"2016","Abril","Sem Cat","9606","{ñ class}","Sem Cat Registrada"
"2016","Abril","Sem Cat","89","{ñ class}","Sem Cat Registrada"
"2016","Abril","Sem Cat","2","{ñ class}","Sem Cat Registrada"
"2016","Abril","Sem Cat","1","{ñ class}","Sem Cat Registrada"
"2016","Maio","Sem Cat","9622","{ñ class}","Sem Cat Registrada"
"2016","Maio","Sem Cat","90","{ñ class}","Sem Cat Registrada"
"2016","Maio","Sem Cat","2","{ñ class}","Sem Cat Registrada"
"2016","Maio","Sem Cat","4","{ñ class}","Sem Cat Registrada"
"2016","Junho","Sem Cat","9761","{ñ class}","Sem Cat Registrada"
"2016","Junho","Sem Cat","88","{ñ class}","Sem Cat Registrada"
"2016","Junho","Sem Cat","3","{ñ class}","Sem Cat Registrada"
"2016","Junho","Sem Cat","1","{ñ class}","Sem Cat Registrada"
"2016","Julho","Sem Cat","9251","{ñ class}","Sem Cat Registrada"
"2016","Julho","Sem Cat","101","{ñ class}","Sem Cat Registrada"
"2016","Julho","Sem Cat","3","{ñ class}","Sem Cat Registrada"
"2016","Julho","Sem Cat","2","{ñ class}","Sem Cat Registrada"
"2016","Agosto","Sem Cat","9547","{ñ class}","Sem Cat Registrada"
"2016","Agosto","Sem Cat","78","{ñ class}","Sem Cat Registrada"
"2016","Agosto","Sem Cat","3","{ñ class}","Sem Cat Registrada"
"2016","Agosto","Sem Cat","2","{ñ class}","Sem Cat Registrada"
"2016","Setembro","Sem Cat","8447","{ñ class}","Sem Cat Registrada"
"2016","Setembro","Sem Cat","59","{ñ class}","Sem Cat Registrada"
"2016","Setembro","Sem Cat","5","{ñ class}","Sem Cat Registrada"
"2016","Outubro","Sem Cat","7974","{ñ class}","Sem Cat Registrada"
"2016","Outubro","Sem Cat","71","{ñ class}","Sem Cat Registrada"
"2016","Novembro","Sem Cat","7666","{ñ class}","Sem Cat Registrada"
"2016","Novembro","Sem Cat","79","{ñ class}","Sem Cat Registrada"
"2016","Novembro","Sem Cat","1","{ñ class}","Sem Cat Registrada"
"2016","Dezembro","Sem Cat","7063","{ñ class}","Sem Cat Registrada"
"2016","Dezembro","Sem Cat","41","{ñ class}","Sem Cat Registrada"
"2016","Dezembro","Sem Cat","1","{ñ class}","Sem Cat Registrada"
"2016","Dezembro","Sem Cat","1","{ñ class}","Sem Cat Registrada"
"2017","Janeiro","Típico-Com Cat","28362","{ñ class}","Com Cat Registrada"
"2017","Janeiro","Doença do Trabalho-Com Cat","932","{ñ class}","Com Cat Registrada"
"2017","Janeiro","Trajeto-Com Cat","8350","{ñ class}","Com Cat Registrada"
"2017","Fevereiro","Típico-Com Cat","26269","{ñ class}","Com Cat Registrada"
"2017","Fevereiro","Doença do Trabalho-Com Cat","769","{ñ class}","Com Cat Registrada"
"2017","Fevereiro","Trajeto-Com Cat","7949","{ñ class}","Com Cat Registrada"
"2017","Março","Típico-Com Cat","30891","{ñ class}","Com Cat Registrada"
"2017","Março","Doença do Trabalho-Com Cat","1030","{ñ class}","Com Cat Registrada"
"2017","Março","Trajeto-Com Cat","9688","{ñ class}","Com Cat Registrada"
"2017","Abril","Típico-Com Cat","25055","{ñ class}","Com Cat Registrada"
"2017","Abril","Doença do Trabalho-Com Cat","755","{ñ class}","Com Cat Registrada"
"2017","Abril","Trajeto-Com Cat","7956","{ñ class}","Com Cat Registrada"
"2017","Maio","Típico-Com Cat","27215","{ñ class}","Com Cat Registrada"
"2017","Maio","Doença do Trabalho-Com Cat","637","{ñ class}","Com Cat Registrada"
"2017","Maio","Trajeto-Com Cat","5365","{ñ class}","Com Cat Registrada"
"2017","Junho","Típico-Com Cat","27272","{ñ class}","Com Cat Registrada"
"2017","Junho","Doença do Trabalho-Com Cat","817","{ñ class}","Com Cat Registrada"
"2017","Junho","Trajeto-Com Cat","7557","{ñ class}","Com Cat Registrada"
"2017","Julho","Típico-Com Cat","29277","{ñ class}","Com Cat Registrada"
"2017","Julho","Doença do Trabalho-Com Cat","908","{ñ class}","Com Cat Registrada"
"2017","Julho","Trajeto-Com Cat","9425","{ñ class}","Com Cat Registrada"
"2017","Agosto","Típico-Com Cat","32020","{ñ class}","Com Cat Registrada"
"2017","Agosto","Doença do Trabalho-Com Cat","1024","{ñ class}","Com Cat Registrada"
"2017","Agosto","Trajeto-Com Cat","10357","{ñ class}","Com Cat Registrada"
"2017","Setembro","Típico-Com Cat","29134","{ñ class}","Com Cat Registrada"
"2017","Setembro","Doença do Trabalho-Com Cat","827","{ñ class}","Com Cat Registrada"
"2017","Setembro","Trajeto-Com Cat","9031","{ñ class}","Com Cat Registrada"
"2017","Outubro","Típico-Com Cat","30442","{ñ class}","Com Cat Registrada"
"2017","Outubro","Doença do Trabalho-Com Cat","750","{ñ class}","Com Cat Registrada"
"2017","Outubro","Trajeto-Com Cat","9189","{ñ class}","Com Cat Registrada"
"2017","Novembro","Típico-Com Cat","28095","{ñ class}","Com Cat Registrada"
"2017","Novembro","Doença do Trabalho-Com Cat","679","{ñ class}","Com Cat Registrada"
"2017","Novembro","Trajeto-Com Cat","8277","{ñ class}","Com Cat Registrada"
"2017","Dezembro","Típico-Com Cat","26197","{ñ class}","Com Cat Registrada"
"2017","Dezembro","Doença do Trabalho-Com Cat","572","{ñ class}","Com Cat Registrada"
"2017","Dezembro","Trajeto-Com Cat","7541","{ñ class}","Com Cat Registrada"
"2017","Janeiro","Sem Cat","8046","{ñ class}","Sem Cat Registrada"
"2017","Janeiro","Sem Cat","48","{ñ class}","Sem Cat Registrada"
"2017","Janeiro","Sem Cat","2","{ñ class}","Sem Cat Registrada"
"2017","Janeiro","Sem Cat","1","{ñ class}","Sem Cat Registrada"
"2017","Fevereiro","Sem Cat","7622","{ñ class}","Sem Cat Registrada"
"2017","Fevereiro","Sem Cat","51","{ñ class}","Sem Cat Registrada"
"2017","Fevereiro","Sem Cat","2","{ñ class}","Sem Cat Registrada"
"2017","Março","Sem Cat","9146","{ñ class}","Sem Cat Registrada"
"2017","Março","Sem Cat","48","{ñ class}","Sem Cat Registrada"
"2017","Março","Sem Cat","2","{ñ class}","Sem Cat Registrada"
"2017","Abril","Sem Cat","8062","{ñ class}","Sem Cat Registrada"
"2017","Abril","Sem Cat","41","{ñ class}","Sem Cat Registrada"
"2017","Maio","Sem Cat","10016","{ñ class}","Sem Cat Registrada"
"2017","Maio","Sem Cat","42","{ñ class}","Sem Cat Registrada"
"2017","Junho","Sem Cat","8887","{ñ class}","Sem Cat Registrada"
"2017","Junho","Sem Cat","35","{ñ class}","Sem Cat Registrada"
"2017","Junho","Sem Cat","1","{ñ class}","Sem Cat Registrada"
"2017","Julho","Sem Cat","8457","{ñ class}","Sem Cat Registrada"
"2017","Julho","Sem Cat","41","{ñ class}","Sem Cat Registrada"
"2017","Julho","Sem Cat","2","{ñ class}","Sem Cat Registrada"
"2017","Julho","Sem Cat","1","{ñ class}","Sem Cat Registrada"
"2017","Agosto","Sem Cat","8958","{ñ class}","Sem Cat Registrada"
"2017","Agosto","Sem Cat","33","{ñ class}","Sem Cat Registrada"
"2017","Setembro","Sem Cat","7663","{ñ class}","Sem Cat Registrada"
"2017","Setembro","Sem Cat","26","{ñ class}","Sem Cat Registrada"
"2017","Setembro","Sem Cat","2","{ñ class}","Sem Cat Registrada"
"2017","Outubro","Sem Cat","7935","{ñ class}","Sem Cat Registrada"
"2017","Outubro","Sem Cat","27","{ñ class}","Sem Cat Registrada"
"2017","Outubro","Sem Cat","1","{ñ class}","Sem Cat Registrada"
"2017","Novembro","Sem Cat","7357","{ñ class}","Sem Cat Registrada"
"2017","Novembro","Sem Cat","28","{ñ class}","Sem Cat Registrada"
"2017","Novembro","Sem Cat","1","{ñ class}","Sem Cat Registrada"
"2017","Dezembro","Sem Cat","6200","{ñ class}","Sem Cat Registrada"
"2017","Dezembro","Sem Cat","7","{ñ class}","Sem Cat Registrada"
"-","-","-","-","-"
